安徽江淮汽车股份有限公司,HFC7130AF,同悦,MT5,1299,9.52,6.44,7.55 ,0.30 
安徽江淮汽车股份有限公司,HFC7130AG3,同悦,MT5,1299,9.50,6.40,7.55 ,0.30 
安徽江淮汽车股份有限公司,HFC7130LF,同悦,MT5,1299,9.52,6.44,7.55 ,0.30 
安徽江淮汽车股份有限公司,HFC7130LG3,同悦,MT5,1299,9.50,6.40,7.55 ,0.30 
安徽江淮汽车股份有限公司,HFC7200C1G3,宾悦,MT5,1997,11.87 ,7.96,9.60 ,0.36 
安徽江淮汽车股份有限公司,HFC7200C1T,宾悦,AT4,1997,12.72 ,7.18,9.45 ,0.33 
安徽江淮汽车股份有限公司,HFC7200C1TG3,宾悦,AT4,1997,13.37,7.23,9.82 ,0.36 
安徽江淮汽车股份有限公司,HFC7200C2,宾悦,MT5,1997,12.19,7.37,9.20 ,0.30 
安徽江淮汽车股份有限公司,HFC7200CG3,宾悦,MT5,1997,12.35,7.31,9.60 ,0.36 
安徽江淮汽车股份有限公司,HFC7240C1G3,宾悦,MT5,2350,12.01,8.16,9.70 ,0.35 
安徽江淮汽车股份有限公司,HFC7240CG3   ,宾悦,MT5,2350,12.18,7.31,9.65 ,0.35 
安徽江淮汽车股份有限公司,HFC7240C2,宾悦,MT5,2351,12.40,7.31 ,9.55 ,0.30 
北京奔驰-戴姆勒・克莱斯勒汽车有限公司,BJ7181 (E200) ,梅赛德斯-奔驰(Merced） ,AT,1796,15.07 ,7.24 ,10.10 ,0.31 
北京奔驰-戴姆勒・克莱斯勒汽车有限公司,BJ7181A (C200) ,梅赛德斯-奔驰(Merced） ,AT,1796,12.62 ,6.92 ,9.00 ,0.25 
北京奔驰-戴姆勒・克莱斯勒汽车有限公司,BJ7200J ,克莱斯勒牌 ,AT,1998,13.97 ,7.15 ,9.63 ,0.31 
北京奔驰-戴姆勒・克莱斯勒汽车有限公司,BJ7200JX ,克莱斯勒牌 ,AT,1998,13.97 ,7.15 ,9.63 ,0.31 
北京奔驰-戴姆勒・克莱斯勒汽车有限公司,BJ7240J ,克莱斯勒牌 ,AT,2360,13.60 ,7.71 ,9.88 ,0.30 
北京奔驰-戴姆勒・克莱斯勒汽车有限公司,BJ7251 (E230) ,梅赛德斯-奔驰(Merced） ,AT,2496,15.90 ,8.18 ,11.09 ,0.35 
北京奔驰-戴姆勒・克莱斯勒汽车有限公司,BJ7251A (C230) ,梅赛德斯-奔驰(Merced） ,AT,2496,14.48 ,7.44 ,10.00 ,0.28 
北京奔驰-戴姆勒・克莱斯勒汽车有限公司,BJ7270C ,克莱斯勒牌 ,AT,2736,15.56 ,8.09 ,10.80 ,0.30 
北京奔驰-戴姆勒・克莱斯勒汽车有限公司,BJ7270CX ,克莱斯勒牌 ,AT,2736,15.56 ,8.09 ,10.80 ,0.30 
北京奔驰-戴姆勒・克莱斯勒汽车有限公司,BJ7270J ,克莱斯勒牌 ,AT,2736,14.56 ,7.52 ,10.10 ,0.29 
北京奔驰-戴姆勒・克莱斯勒汽车有限公司,BJ7300A (C280) ,梅赛德斯-奔驰(Merced） ,AT,2996,14.70 ,7.97 ,10.40 ,0.27 
北京奔驰-戴姆勒・克莱斯勒汽车有限公司,BJ7301 (E280) ,梅赛德斯-奔驰(Merced） ,AT,2997,15.35 ,8.24 ,10.86 ,0.30 
北京奔驰-戴姆勒・克莱斯勒汽车有限公司,BJ7350 (E350) ,梅赛德斯-奔驰(Merced） ,AT,3498,15.97 ,8.34 ,11.14 ,0.27 
北京奔驰-戴姆勒・克莱斯勒汽车有限公司,BJ7350C ,克莱斯勒牌 ,AT,3518,16.85 ,8.80 ,11.76 ,0.30 
北京奔驰-戴姆勒・克莱斯勒汽车有限公司,BJ7570C ,克莱斯勒牌 ,AT,5654,18.80 ,8.46 ,12.17 ,0.25 
北京现代汽车有限公司,BH7140AW,雅绅特,AT4,1399,9.09,5.93,7.24 ,0.24 
北京现代汽车有限公司,BH7140AX,雅绅特,AT4,1399,10.42,6.17,7.66 ,0.26 
北京现代汽车有限公司,BH7140AY,雅绅特,AT4,1399,10.79,6.00 ,7.50 ,0.25 
北京现代汽车有限公司,BH7140MW,雅绅特,MT5,1399,8.92,5.82,7.11 ,0.22 
北京现代汽车有限公司,BH7140MX,雅绅特,MT5,1399,9.402,5.67,7.05 ,0.22 
北京现代汽车有限公司,BH7140MY,雅绅特,MT5,1399,9.34,5.61,6.80 ,0.20 
北京现代汽车有限公司,BH7161AW,雅绅特,AT4,1599,10.99,6.59,8.37 ,0.28 
北京现代汽车有限公司,BH7161AX,雅绅特,AT4,1599,10.09,6.32,7.71 ,0.24 
北京现代汽车有限公司,BH7161AY,雅绅特,AT4,1599,11.20,6.09,7.80 ,0.24 
北京现代汽车有限公司,BH7162AW,伊兰特,AT4,1599,10.72,6.28,8.02 ,0.26 
北京现代汽车有限公司,BH7162AX,伊兰特,AT4,1599,10.87,6.39,8.18 ,0.27 
北京现代汽车有限公司,BH7162AY,伊兰特,AT4,1599,10.60 ,6.50 ,7.60 ,0.23 
北京现代汽车有限公司,BH7162MW,伊兰特,MT5,1599,9.58,5.90,7.40 ,0.22 
北京现代汽车有限公司,BH7162MX,伊兰特,MT5,1599,9.64,5.95,7.45 ,0.22 
北京现代汽车有限公司,BH7162MY,伊兰特,MT5,1599,10.00 ,6.00 ,7.10 ,0.20 
北京现代汽车有限公司,BH7164AW,悦动,AT4,1599,10.71,5.62,7.10 ,0.19 
北京现代汽车有限公司,BH7164AX,悦动,AT4,1599,9.77,5.98,7.10 ,0.19 
北京现代汽车有限公司,BH7164AY,悦动,AT4,1599,8.56,6.27,7.10 ,0.19 
北京现代汽车有限公司,BH7164MW,悦动,MT5,1599,9.71,5.30,6.70 ,0.16 
北京现代汽车有限公司,BH7164MX,悦动,MT5,1599,9.03,5.55,6.70 ,0.16 
北京现代汽车有限公司,BH7164MY,悦动,MT5,1599,8.87,5.49,6.70 ,0.16 
北京现代汽车有限公司,BH7180AW,伊兰特,AT4,1795,13.60,7.30,9.60 ,0.33 
北京现代汽车有限公司,BH7180AX,伊兰特,AT4,1795,13.02,7.03,9.25 ,0.31 
北京现代汽车有限公司,BH7180AY,伊兰特,AT4,1795,13.62,6.68,9.00 ,0.30 
北京现代汽车有限公司,BH7180MX,伊兰特,MT5,1795,11.35,6.46,8.26 ,0.24 
北京现代汽车有限公司,BH7180MY,伊兰特,MT5,1795,11.08,6.49,7.90 ,0.22 
北京现代汽车有限公司,BH7182AW,悦动,AT4,1795,10.93,5.42,7.50 ,0.18 
北京现代汽车有限公司,BH7182AX,悦动,AT4,1795,10.82,6.02,7.50 ,0.18 
北京现代汽车有限公司,BH7182AY,悦动,AT4,1795,10.48,5.78,7.50 ,0.18 
北京现代汽车有限公司,BH7182MW,悦动,MT5,1795,10.62,5.53,7.50 ,0.18 
北京现代汽车有限公司,BH7182MX,悦动,MT5,1795,10.26,5.87,7.50 ,0.18 
北京现代汽车有限公司,BH7182MY,悦动,MT5,1795,10.18,5.92,7.50 ,0.18 
北京现代汽车有限公司,BH7200AW,索纳塔,AT4,1975,13.70,7.50,9.80 ,0.33 
北京现代汽车有限公司,BH7200AX,索纳塔,AT4,1975,13.56,8.29,10.22 ,0.36 
北京现代汽车有限公司,BH7200AY,索纳塔,AT4,1975,13.49,6.82,9.10 ,0.29 
北京现代汽车有限公司,BH7200MW,索纳塔,MT5,1975,12.20,7.20,9.00 ,0.28 
北京现代汽车有限公司,BH7200MX,索纳塔,MT5,1975,12.81,7.33,9.35 ,0.30 
北京现代汽车有限公司,BH7200MY,索纳塔,MT5,1975,11.71,6.30,8.10 ,0.22 
北京现代汽车有限公司,BH7202AW,御翔,AT4,1998,12.74,7.77,10.10 ,0.32 
北京现代汽车有限公司,BH7202AX,御翔,AT4,1998,13.04,8.19,9.97 ,0.32 
北京现代汽车有限公司,BH7202AY,御翔,AT4,1998,12.16,6.60,8.80 ,0.25 
北京现代汽车有限公司,BH7202MW,御翔,MT5,1998,12.30,7.40,9.20 ,0.26 
北京现代汽车有限公司,BH7202MX,御翔,MT5,1998,12.10,7.27,9.06 ,0.26 
北京现代汽车有限公司,BH7202MY,御翔,MT5,1998,12.01,7.22,8.70 ,0.23 
北京现代汽车有限公司,BH7240AW,御翔,AT4,2359,13.10 ,8.10,9.90 ,0.28 
北京现代汽车有限公司,BH7240AX,御翔,AT4,2359,12.87,8.30,9.97 ,0.28 
北京现代汽车有限公司,BH7240AY,御翔,AT4,2359,12.49,6.71,8.90 ,0.22 
比亚迪汽车有限公司,QCJ7100L,比亚迪FO,MT5,998,6.19 ,4.91 ,5.20 ,0.16 
比亚迪汽车有限公司,QCJ7100L1,比亚迪FO,MT5,998,6.87 ,4.34 ,5.20 ,0.16 
比亚迪汽车有限公司,QCJ7100L2,比亚迪FO,MT5,998,6.90 ,4.33 ,5.20 ,0.16 
比亚迪汽车有限公司,QCJ7150A5,比亚迪F3,MT5,1488,9.73 ,6.21 ,7.60 ,0.22 
比亚迪汽车有限公司,QCJ7150A6,比亚迪F3,MT5,1488,9.97 ,6.19 ,7.60 ,0.22 
比亚迪汽车有限公司,QCJ7151A5,比亚迪F3R,MT5,1488,9.73 ,6.21 ,7.60 ,0.22 
比亚迪汽车有限公司,QCJ7151A6,比亚迪F3R,MT5,1488,9.97 ,6.19 ,7.60 ,0.22 
比亚迪汽车有限公司,QCJ7160A2,比亚迪F3,MT5,1584,10.22 ,6.44 ,7.80 ,0.22 
比亚迪汽车有限公司,QCJ7160A4,比亚迪F3,MT5,1584,9.79 ,6.07 ,7.80 ,0.22 
比亚迪汽车有限公司,QCJ7160A4,比亚迪F3,AT4,1584,9.79 ,6.07 ,7.80 ,0.22 
比亚迪汽车有限公司,QCJ7161A4,比亚迪F3R,MT5,1584,9.79 ,6.07 ,7.80 ,0.21 
比亚迪汽车有限公司,QCJ7161A4,比亚迪F3R,AT4,1584,9.79 ,6.07 ,7.80 ,0.21 
比亚迪汽车有限公司,QCJ7161A5,比亚迪F3R,MT5,1584,10.22 ,6.44 ,7.80 ,0.21 
比亚迪汽车有限公司,QCJ7200E,比亚迪F6,MT5,1911,11.50 ,7.03 ,8.70 ,0.24 
比亚迪汽车有限公司,QCJ7200E2,比亚迪F6,MT5,1911,11.75 ,7.40 ,8.70 ,0.24 
比亚迪汽车有限公司,QCJ7200E3,比亚迪F6,MT5,1911,11.50 ,7.03 ,8.70 ,0.24 
比亚迪汽车有限公司,QCJ7240E,比亚迪F6,AT4,2378,13.63 ,7.93 ,9.70 ,0.26 
长安福特马自达汽车有限公司,CAF7161A,马自达3,AT4,1598,10.70 ,6.90 ,8.30 ,0.27 
长安福特马自达汽车有限公司,CAF7161AP,马自达3,AT4,1598,10.70 ,6.90 ,8.30 ,0.27 
长安福特马自达汽车有限公司,CAF7161M,马自达3,MT5,1598,9.50 ,6.30 ,7.50 ,0.21 
长安福特马自达汽车有限公司,CAF7161MP,马自达3,MT5,1598,9.50 ,6.30 ,7.50 ,0.21 
长安福特马自达汽车有限公司,CAF7180A,福克斯,AT4,1798,11.60 ,6.90 ,8.60 ,0.27 
长安福特马自达汽车有限公司,CAF7180A31,福克斯,AT4,1798,11.60 ,6.90 ,8.60 ,0.27 
长安福特马自达汽车有限公司,CAF7180A38,福克斯,AT4,1798,11.60 ,6.90 ,8.60 ,0.27 
长安福特马自达汽车有限公司,CAF7180A41,福克斯,AT4,1798,11.60 ,6.90 ,8.60 ,0.27 
长安福特马自达汽车有限公司,CAF7180A48,福克斯,AT4,1798,11.60 ,6.90 ,8.60 ,0.27 
长安福特马自达汽车有限公司,CAF7180AC1,福克斯,AT4,1798,11.60 ,6.90 ,8.60 ,0.27 
长安福特马自达汽车有限公司,CAF7180AC2,福克斯,AT4,1798,11.60 ,6.90 ,8.60 ,0.27 
长安福特马自达汽车有限公司,CAF7180AC4,福克斯,AT4,1798,11.60 ,6.90 ,8.60 ,0.27 
长安福特马自达汽车有限公司,CAF7180B,福克斯,AT4,1798,11.60 ,6.90 ,8.60 ,0.27 
长安福特马自达汽车有限公司,CAF7180B38,福克斯,AT4,1798,11.60 ,6.90 ,8.60 ,0.27 
长安福特马自达汽车有限公司,CAF7180B48,福克斯,AT4,1798,11.60 ,6.90 ,8.60 ,0.27 
长安福特马自达汽车有限公司,CAF7180BC4,福克斯,AT4,1798,11.60 ,6.90 ,8.60 ,0.27 
长安福特马自达汽车有限公司,CAF7180M,福克斯,MT5,1798,10.40 ,6.00 ,7.60 ,0.21 
长安福特马自达汽车有限公司,CAF7180M38,福克斯,MT5,1798,10.40 ,6.00 ,7.60 ,0.21 
长安福特马自达汽车有限公司,CAF7180M48,福克斯,MT5,1798,10.40 ,6.00 ,7.60 ,0.21 
长安福特马自达汽车有限公司,CAF7180MC4,福克斯,MT5,1798,10.40 ,6.00 ,7.60 ,0.21 
长安福特马自达汽车有限公司,CAF7180N,福克斯,MT5,1798,10.40 ,6.00 ,7.60 ,0.21 
长安福特马自达汽车有限公司,CAF7180N38,福克斯,MT5,1798,10.40 ,6.00 ,7.60 ,0.21 
长安福特马自达汽车有限公司,CAF7180N48,福克斯,MT5,1798,10.40 ,6.00 ,7.60 ,0.21 
长安福特马自达汽车有限公司,CAF7180NC4,福克斯,MT5,1798,10.40 ,6.00 ,7.60 ,0.21 
长安福特马自达汽车有限公司,CAF7203M,蒙迪欧-致胜,MT5,1998,11.60 ,6.50 ,8.40 ,0.22 
长安福特马自达汽车有限公司,CAF7201A,福克斯,AT4,1999,11.90 ,7.00 ,8.80 ,0.25 
长安福特马自达汽车有限公司,CAF7201A38,福克斯,AT4,1999,11.90 ,7.00 ,8.80 ,0.25 
长安福特马自达汽车有限公司,CAF7201A48,福克斯,AT4,1999,11.90 ,7.00 ,8.80 ,0.25 
长安福特马自达汽车有限公司,CAF7201AC4,福克斯,AT4,1999,11.90 ,7.00 ,8.80 ,0.25 
长安福特马自达汽车有限公司,CAF7201B,福克斯,AT4,1999,11.90 ,7.00 ,8.80 ,0.25 
长安福特马自达汽车有限公司,CAF7201B38,福克斯,AT4,1999,11.90 ,7.00 ,8.80 ,0.25 
长安福特马自达汽车有限公司,CAF7201B48,福克斯,AT4,1999,11.90 ,7.00 ,8.80 ,0.25 
长安福特马自达汽车有限公司,CAF7201BC4,福克斯,AT4,1999,11.90 ,7.00 ,8.80 ,0.25 
长安福特马自达汽车有限公司,CAF7201N,福克斯,MT5,1999,10.50 ,6.10 ,7.70 ,0.19 
长安福特马自达汽车有限公司,CAF7201N38,福克斯,MT5,1999,10.50 ,6.10 ,7.70 ,0.19 
长安福特马自达汽车有限公司,CAF7201N48,福克斯,MT5,1999,10.50 ,6.10 ,7.70 ,0.19 
长安福特马自达汽车有限公司,CAF7201NC4,福克斯,MT5,1999,10.50 ,6.10 ,7.70 ,0.19 
长安福特马自达汽车有限公司,CAF7202A,马自达3,AT4,1999,11.50 ,6.90 ,8.60 ,0.22 
长安福特马自达汽车有限公司,CAF7202AC3,马自达3,AT4,1999,11.50 ,6.90 ,8.60 ,0.22 
长安福特马自达汽车有限公司,CAF7202AC4,马自达3,AT4,1999,11.50 ,6.90 ,8.60 ,0.22 
长安福特马自达汽车有限公司,CAF7202M,马自达3,MT5,1999,11.10 ,6.60 ,8.30 ,0.20 
长安福特马自达汽车有限公司,CAF7202MC3,马自达3,MT5,1999,11.10 ,6.60 ,8.30 ,0.20 
长安福特马自达汽车有限公司,CAF7202MC4,马自达3,MT5,1999,11.10 ,6.60 ,8.30 ,0.20 
长安福特马自达汽车有限公司,CAF7204A,沃尔沃S40,AT6,1999,11.70 ,6.70 ,8.50 ,0.25 
长安福特马自达汽车有限公司,CAF7204M,沃尔沃S40,MT5,1999,10.80 ,5.90 ,7.70 ,0.20 
长安福特马自达汽车有限公司,CAF7230A,蒙迪欧-致胜,AT6,2260,14.50 ,7.70 ,10.10 ,0.30 
长安福特马自达汽车有限公司,CAF7240A,沃尔沃S40,AT5,2435,15.10 ,6.80 ,9.80 ,0.28 
长安福特马自达汽车有限公司,CAF7251A,沃尔沃S40,AT5,2521,15.10 ,6.90 ,9.90 ,0.21 
长安福特马自达汽车有限公司,CAF7252A,沃尔沃S80,AT6,2521,16.00 ,8.00 ,11.00 ,0.30 
长安福特马自达汽车有限公司,CAF7300A,沃尔沃S80,AT6,2953,17.50 ,8.50 ,11.80 ,0.26 
长安福特马自达汽车有限公司（南京公司）,CAF7131A ,马自达2,AT4,1349,8.90 ,5.91 ,6.74 ,0.21 
长安福特马自达汽车有限公司（南京公司）,CAF7131AC4,马自达2,AT4,1349,8.41 ,5.56 ,6.74 ,0.21 
长安福特马自达汽车有限公司（南京公司）,CAF7131AP,马自达2,AT4,1349,8.38 ,6.05 ,6.74 ,0.21 
长安福特马自达汽车有限公司（南京公司）,CAF7131B ,马自达2,AT4,1349,8.90 ,5.91 ,6.74 ,0.20 
长安福特马自达汽车有限公司（南京公司）,CAF7131BC4,马自达2,AT4,1349,8.41 ,5.56 ,6.74 ,0.20 
长安福特马自达汽车有限公司（南京公司）,CAF7131BP,马自达2,AT4,1349,8.38 ,6.05 ,6.74 ,0.20 
长安福特马自达汽车有限公司（南京公司）,CAF7131M ,马自达2,MT5,1349,7.81 ,5.18 ,6.20 ,0.17 
长安福特马自达汽车有限公司（南京公司）,CAF7131MC4,马自达2,MT5,1349,7.78 ,5.21 ,6.20 ,0.17 
长安福特马自达汽车有限公司（南京公司）,CAF7131MP,马自达2,MT5,1349,7.83 ,5.54 ,6.20 ,0.17 
长安福特马自达汽车有限公司（南京公司）,CAF7131N ,马自达2,MT5,1349,7.81 ,5.18 ,6.20 ,0.17 
长安福特马自达汽车有限公司（南京公司）,CAF7131NC4,马自达2,MT5,1349,7.78 ,5.21 ,6.20 ,0.17 
长安福特马自达汽车有限公司（南京公司）,CAF7131NP,马自达2,MT5,1349,7.83 ,5.54 ,6.20 ,0.17 
长安福特马自达汽车有限公司（南京公司）,CAF7151A ,马自达2,AT4,1498,8.81 ,5.95 ,6.92 ,0.18 
长安福特马自达汽车有限公司（南京公司）,CAF7151AC4,马自达2,AT4,1498,8.81 ,5.95 ,6.92 ,0.18 
长安福特马自达汽车有限公司（南京公司）,CAF7151AP,马自达2,AT4,1498,9.00 ,5.88 ,6.92 ,0.18 
长安福特马自达汽车有限公司（南京公司）,CAF7151B ,马自达2,AT4,1498,8.81 ,5.95 ,6.92 ,0.18 
长安福特马自达汽车有限公司（南京公司）,CAF7151BC4,马自达2,AT4,1498,8.81 ,5.95 ,6.92 ,0.18 
长安福特马自达汽车有限公司（南京公司）,CAF7151BP,马自达2,AT4,1498,9.00 ,5.88 ,6.92 ,0.18 
长安福特马自达汽车有限公司（南京公司）,CAF7151M ,马自达2,MT5,1498,8.35,5.41,6.35 ,0.15 
长安福特马自达汽车有限公司（南京公司）,CAF7151MC4,马自达2,MT5,1498,8.35 ,5.41 ,6.35 ,0.15 
长安福特马自达汽车有限公司（南京公司）,CAF7151MP,马自达2,MT5,1498,8.55 ,5.47 ,6.35 ,0.15 
长安福特马自达汽车有限公司（南京公司）,CAF7151N ,马自达2,MT5,1498,8.35 ,5.41 ,6.35 ,0.15 
长安福特马自达汽车有限公司（南京公司）,CAF7151NC4,马自达2,MT5,1498,8.35 ,5.41 ,6.35 ,0.15 
长安福特马自达汽车有限公司（南京公司）,CAF7151NP,马自达2,MT5,1498,8.55 ,5.47 ,6.35 ,0.15 
长城汽车股份有限公司,CC7130SM01,炫丽,MT5,1298,8.58 ,6.01 ,7.20 ,0.27 
长城汽车股份有限公司,CC7130MM02,精灵,MT5,1342,8.15 ,4.10 ,6.70 ,0.26 
长城汽车股份有限公司,CC7130MM06,精灵,MT5,1342,8.15 ,5.54 ,6.70 ,0.26 
长城汽车股份有限公司,CC7130SM00,炫丽,MT5,1342,9.72 ,6.06 ,7.40 ,0.30 
东风本田汽车有限公司,DHW7180(CIVIC 1.8),思域(CIVIC),AT5,1799,10.50 ,5.30 ,7.20 ,0.17 
东风本田汽车有限公司,DHW7180B(CIVIC 1.8),思域(CIVIC),AT5,1799,10.50 ,5.30 ,7.20 ,0.17 
东风本田汽车有限公司,DHW7181(CIVIC 1.8 M),思域(CIVIC),MT5,1799,9.40 ,5.50 ,6.90 ,0.15 
东风本田汽车有限公司,DHW7181B(CIVIC 1.8 M),思域(CIVIC),MT5,1799,9.40 ,5.50 ,6.90 ,0.15 
东风汽车有限公司,DFL7160AA,颐达(手动挡)),MT5,1598,9.00 ,6.10 ,7.20 ,0.19 
东风汽车有限公司,DFL7160AA,颐达(自动挡),AT4,1598,9.20 ,6.20 ,7.30 ,0.20 
东风汽车有限公司,DFL7160AB,颐达(手动挡),MT5,1598,9.00 ,6.10 ,7.20 ,0.19 
东风汽车有限公司,DFL7160AB,颐达(自动挡),AT4,1598,9.20 ,6.20 ,7.30 ,0.20 
东风汽车有限公司,DFL7160AC,颐达(手动挡)),MT5,1598,9.00 ,6.10 ,7.20 ,0.19 
东风汽车有限公司,DFL7160AC,颐达(自动挡),AT4,1598,9.40 ,6.10 ,7.30 ,0.20 
东风汽车有限公司,DFL7161AA,骐达(手动挡),MT5,1598,9.00 ,6.10 ,7.20 ,0.20 
东风汽车有限公司,DFL7161AA,骐达(自动挡),AT4,1598,9.20 ,6.20 ,7.30 ,0.20 
东风汽车有限公司,DFL7161AB,骐达(手动挡),MT5,1598,9.00 ,6.10 ,7.20 ,0.19 
东风汽车有限公司,DFL7161AB,骐达(自动挡),AT4,1598,9.20 ,6.20 ,7.30 ,0.20 
东风汽车有限公司,DFL7161AC,骐达(手动挡),MT5,1598,9.00 ,6.10 ,7.20 ,0.20 
东风汽车有限公司,DFL7161AC,骐达(自动挡),AT4,1598,9.40 ,6.10 ,7.30 ,0.20 
东风汽车有限公司,DFL7162AA,轩逸1.6L自动挡,AT4,1598,9.90 ,6.30 ,7.60 ,0.22 
东风汽车有限公司,DFL7162AB,轩逸1.6L自动挡,AT4,1598,9.90 ,6.30 ,7.60 ,0.22 
东风汽车有限公司,DFL7162BB,轩逸1.6L自动挡,AT4,1598,9.90 ,6.30 ,7.60 ,0.22 
东风汽车有限公司,DFL7163AA,骊威(手动挡),MT5,1598,9.40 ,6.20 ,7.40 ,0.20 
东风汽车有限公司,DFL7163AA,骊威(自动挡),AT4,1598,9.90 ,6.30 ,7.60 ,0.22 
东风汽车有限公司,DFL7163AC,骊威(手动挡),MT5,1598,9.40 ,6.20 ,7.40 ,0.20 
东风汽车有限公司,DFL7163AC,骊威(自动挡),AT4,1598,9.90 ,6.30 ,7.60 ,0.22 
东风汽车有限公司,DFL7163BA,骊威劲锐版(手动挡),MT5,1598,9.40 ,6.20 ,7.40 ,0.21 
东风汽车有限公司,DFL7163BA,骊威劲锐版(自动挡),AT4,1598,9.90 ,6.30 ,7.60 ,0.22 
东风汽车有限公司,DFL7163BC,骊威劲锐版(手动挡),MT5,1598,9.40 ,6.20 ,7.40 ,0.21 
东风汽车有限公司,DFL7163BC,骊威劲锐版(自动挡),AT4,1598,9.90 ,6.30 ,7.60 ,0.22 
东风汽车有限公司,DFL7164AA,逍客1.6L手动挡,MT6,1598,9.20 ,6.60 ,7.60 ,0.24 
东风汽车有限公司,DFL7164AC,逍客1.6L手动挡,MT6,1598,9.20 ,6.60 ,7.60 ,0.24 
东风汽车有限公司,DFL7200AA,轩逸2.0L CVT,CVT,1997,9.80 ,6.70 ,7.80 ,0.19 
东风汽车有限公司,DFL7200AB,轩逸2.0L CVT,CVT,1997,9.80 ,6.70 ,7.80 ,0.19 
东风汽车有限公司,DFL7201AA,逍客2.0L手动挡,MT6,1997,10.80 ,7.00 ,8.40 ,0.23 
东风汽车有限公司,DFL7201AA,逍客2.0L 两驱CVT,CVT,1997,10.80 ,7.50 ,8.70 ,0.26 
东风汽车有限公司,DFL7201AC,逍客2.0L手动挡,MT6,1997,10.80 ,7.00 ,8.40 ,0.23 
东风汽车有限公司,DFL7201AC,逍客2.0L 两驱CVT,CVT,1997,10.80 ,7.50 ,8.70 ,0.26 
东风汽车有限公司,DFL7201EA,逍客2.0L 4驱CVT,CVT,1997,10.80 ,7.50 ,8.70 ,0.27 
东风汽车有限公司,DFL7201EC,逍客2.0L 4驱CVT,CVT,1997,10.80 ,7.50 ,8.70 ,0.27 
东风汽车有限公司,EQ7204AC,新天籁2.0L CVT,CVT,1997,11.10 ,7.60 ,8.90 ,0.27 
东风汽车有限公司,EQ7250AC,新天籁2.5L.公爵,CVT,2496,12.10 ,8.00 ,9.50 ,0.22 
东风汽车有限公司,EQ7250AC,新天籁2.5L,CVT,2496,12.10 ,8.00 ,9.50 ,0.21 
东风汽车有限公司,EQ7351AC,新天籁3.5L.公爵,CVT,3498,13.80 ,8.20 ,10.20 ,0.19 
东风悦达起亚汽车有限公司,YQZ7140,RIO锐欧,MT5,1399,8.59,5.29,6.28 ,0.19 
东风悦达起亚汽车有限公司,YQZ7140A,RIO锐欧,AT4,1399,9.40,5.30,6.56 ,0.22 
东风悦达起亚汽车有限公司,YQZ7140AE,RIO锐欧,AT4,1399,10.19 ,5.67 ,7.07 ,0.25 
东风悦达起亚汽车有限公司,YQZ7140E,RIO锐欧,MT5,1399,9.08 ,5.51 ,6.59 ,0.21 
东风悦达起亚汽车有限公司,YQZ7162AE3,赛拉图,AT4,1599,11.13,7.03,8.24 ,0.29 
东风悦达起亚汽车有限公司,YQZ7162AEF,赛拉图,AT4,1599,11.02 ,7.18 ,8.29 ,0.30 
东风悦达起亚汽车有限公司,YQZ7162E3,赛拉图,MT5,1599,10.61 ,6.88 ,7.96 ,0.27 
东风悦达起亚汽车有限公司,YQZ7162EF,赛拉图,MT5,1599,9.94 ,6.09 ,7.25 ,0.22 
东风悦达起亚汽车有限公司,YQZ7163,RIO锐欧,MT5,1599,8.95,5.28,6.40 ,0.17 
东风悦达起亚汽车有限公司,YQZ7163A,RIO锐欧,AT4,1599,9.77,5.44,6.79 ,0.20 
东风悦达起亚汽车有限公司,YQZ7163AE,RIO锐欧,AT4,1599,10.66 ,6.05 ,7.47 ,0.24 
东风悦达起亚汽车有限公司,YQZ7163E,RIO锐欧,MT5,1599,9.03 ,5.50 ,6.56 ,0.18 
东风悦达起亚汽车有限公司,YQZ7164,赛拉图欧风,MT5,1599,10.28 ,6.31 ,7.49 ,0.24 
东风悦达起亚汽车有限公司,YQZ7164A,赛拉图欧风,AT4,1599,11.05 ,6.24 ,7.73 ,0.26 
东风悦达起亚汽车有限公司,YQZ7164AE,赛拉图欧风,AT4,1599,10.83 ,6.25 ,7.64 ,0.26 
东风悦达起亚汽车有限公司,YQZ7164E,赛拉图欧风,MT5,1599,10.18 ,6.14 ,7.36 ,0.23 
东风悦达起亚汽车有限公司,YQZ7180,远舰,MT5,1795,11.72 ,6.38 ,8.06 ,0.27 
东风悦达起亚汽车有限公司,YQZ7180E3,远舰,MT5,1795,11.92 ,6.48 ,8.19 ,0.28 
东风悦达起亚汽车有限公司,YQZ7180EF,远舰,MT5,1795,11.66 ,7.20 ,8.50 ,0.30 
东风悦达起亚汽车有限公司,YQZ7181AE3,赛拉图,AT4,1795,11.74 ,6.39 ,8.07 ,0.25 
东风悦达起亚汽车有限公司,YQZ7181AEF,赛拉图,AT4,1795,12.86 ,6.21 ,8.33 ,0.27 
东风悦达起亚汽车有限公司,YQZ7181E3,赛拉图,MT5,1795,11.11,6.03,7.64 ,0.22 
东风悦达起亚汽车有限公司,YQZ7181EF,赛拉图,MT5,1795,10.97 ,6.11 ,7.63 ,0.22 
东风悦达起亚汽车有限公司,YQZ7200,远舰,MT5,1975,12.15 ,6.58 ,8.32 ,0.27 
东风悦达起亚汽车有限公司,YQZ7200A,远舰,AT4,1975,13.09 ,7.00 ,8.92 ,0.32 
东风悦达起亚汽车有限公司,YQZ7200AE3,远舰,AT4,1975,13.29 ,7.00 ,8.98 ,0.32 
东风悦达起亚汽车有限公司,YQZ7200AEF,远舰,AT4,1975,12.93 ,7.61 ,9.23 ,0.34 
东风悦达起亚汽车有限公司,YQZ7200E3,远舰,MT5,1975,12.12 ,6.61 ,8.33 ,0.28 
东风悦达起亚汽车有限公司,YQZ7200EF,远舰,MT5,1975,12.17 ,7.28 ,8.76 ,0.30 
东南（福建）汽车工业有限公司,DN7150,菱悦,MT5,1488,9.49 ,6.21 ,7.50 ,0.22 
东南（福建）汽车工业有限公司,DN7150H,菱悦,MT5,1488,9.49 ,6.21 ,7.50 ,0.22 
东南（福建）汽车工业有限公司,DN7150L,菱悦,MT5,1488,9.49 ,6.21 ,7.50 ,0.22 
东南（福建）汽车工业有限公司,DN7150P,菱悦,MT5,1488,9.49 ,6.21 ,7.50 ,0.22 
东南（福建）汽车工业有限公司,DN7160E3,菱帅,MT5,1584,9.20 ,6.10 ,7.20 ,0.22 
东南（福建）汽车工业有限公司,DN7160E3B,菱帅,MT5,1584,9.59 ,6.09 ,7.50 ,0.24 
东南（福建）汽车工业有限公司,DN7160H3,蓝瑟,MT5,1584,9.20 ,6.10 ,7.20 ,0.22 
东南（福建）汽车工业有限公司,DN7160H3B,蓝瑟,MT5,1584,9.59 ,6.09 ,7.50 ,0.24 
东南（福建）汽车工业有限公司,DN7160H4B,蓝瑟,MT5,1584,9.91 ,6.19 ,7.70 ,0.25 
东南（福建）汽车工业有限公司,DN7160L3,蓝瑟,MT5,1584,9.20 ,6.10 ,7.20 ,0.22 
东南（福建）汽车工业有限公司,DN7160L3B,菱帅,MT5,1584,9.59 ,6.09 ,7.50 ,0.24 
东南（福建）汽车工业有限公司,DN7160M3,菱帅,MT5,1584,9.20 ,6.10 ,7.20 ,0.22 
东南（福建）汽车工业有限公司,DN7160M3B,蓝瑟,MT5,1584,9.59 ,6.09 ,7.50 ,0.24 
东南（福建）汽车工业有限公司,DN7160M4B,蓝瑟,MT5,1584,9.91 ,6.19 ,7.70 ,0.25 
东南（福建）汽车工业有限公司,DN7160P3,菱帅,MT5,1584,9.20 ,6.10 ,7.20 ,0.22 
东南（福建）汽车工业有限公司,DN7160P3B,蓝瑟,MT5,1584,9.59 ,6.09 ,7.50 ,0.24 
东南（福建）汽车工业有限公司,DN7160P4B,蓝瑟,MT5,1584,9.91 ,6.19 ,7.70 ,0.25 
东南（福建）汽车工业有限公司,DN7161E3,蓝瑟,AT4,1584,10.42 ,7.20 ,8.57 ,0.32 
东南（福建）汽车工业有限公司,DN7161E3B,蓝瑟,AT4,1584,10.08 ,6.32 ,7.70 ,0.26 
东南（福建）汽车工业有限公司,DN7161H3,蓝瑟,AT4,1584,10.42 ,7.20 ,8.57 ,0.32 
东南（福建）汽车工业有限公司,DN7161L3,菱帅,AT4,1584,10.42 ,7.20 ,8.57 ,0.32 
东南（福建）汽车工业有限公司,DN7161L3B,蓝瑟,AT4,1584,10.08 ,6.32 ,7.70 ,0.26 
东南（福建）汽车工业有限公司,DN7161M3,菱帅,AT4,1584,10.42 ,7.20 ,8.57 ,0.32 
东南（福建）汽车工业有限公司,DN7161M3B,菱帅,AT4,1584,10.08 ,6.32 ,7.70 ,0.26 
东南（福建）汽车工业有限公司,DN7161P3,菱帅,AT4,1584,10.42 ,7.20 ,8.57 ,0.32 
东南（福建）汽车工业有限公司,DN7161P3B,蓝瑟,AT4,1584,10.08 ,6.32 ,7.70 ,0.26 
东南（福建）汽车工业有限公司,DN7243H,戈蓝,AT4,2378,12.84 ,7.31 ,9.54 ,0.30 
东南（福建）汽车工业有限公司,DN7243L,戈蓝,AT4,2378,12.84 ,7.31 ,9.54 ,0.30 
东南（福建）汽车工业有限公司,DN7243M,戈蓝,AT4,2378,12.84 ,7.31 ,9.54 ,0.30 
东南（福建）汽车工业有限公司,DN7243P,戈蓝,AT4,2378,12.84 ,7.31 ,9.54 ,0.30 
广州本田汽车有限公司,HG7134DAA,飞度,AT5,1339,8.22 ,5.60 ,6.80 ,0.19 
广州本田汽车有限公司,HG7134DAM,飞度,MT5,1339,7.39 ,5.16 ,6.00 ,0.14 
广州本田汽车有限公司,HG7154CAA,锋范,AT5,1497,9.02 ,5.31 ,6.80 ,0.16 
广州本田汽车有限公司,HG7154CAM,锋范,MT5,1497,8.27 ,5.44 ,6.50 ,0.14 
广州本田汽车有限公司,HG7154DAA,飞度,AT5,1497,8.53 ,5.33 ,6.90 ,0.17 
广州本田汽车有限公司,HG7154DAM,飞度,MT5,1497,7.89 ,5.67 ,6.50 ,0.14 
广州本田汽车有限公司,HG7180CAA,锋范,AT5,1799,9.44 ,5.31 ,7.10 ,0.16 
广州本田汽车有限公司,HG7203AB,雅阁,AT5,1997,11.76 ,6.30 ,8.50 ,0.21 
广州本田汽车有限公司,HG7204AB,雅阁,MT5,1997,10.03 ,6.01 ,7.90 ,0.17 
广州本田汽车有限公司,HG7241AB,雅阁,AT5,2354,12.48 ,6.26 ,8.80 ,0.20 
广州本田汽车有限公司,HG7350AB,雅阁,AT5,3471,15.44 ,7.19 ,10.00 ,0.18 
广州丰田汽车有限公司,GTM7130E,雅力士,AT4,1300,8.61 ,5.76 ,7.00 ,0.23 
广州丰田汽车有限公司,GTM7130EB,雅力士,AT4,1300,8.49 ,5.73 ,7.00 ,0.23 
广州丰田汽车有限公司,GTM7130EM,雅力士,MT5,1300,8.16 ,5.71 ,6.50 ,0.20 
广州丰田汽车有限公司,GTM7130EMB,雅力士,MT5,1300,7.87 ,5.54 ,6.50 ,0.20 
广州丰田汽车有限公司,GTM7160G,雅力士,AT4,1600,9.12 ,6.02 ,7.30 ,0.19 
广州丰田汽车有限公司,GTM7160GB,雅力士,AT4,1600,9.07 ,5.96 ,7.30 ,0.19 
广州丰田汽车有限公司,GTM7160GM,雅力士,MT5,1600,8.83 ,5.76 ,6.80 ,0.16 
广州丰田汽车有限公司,GTM7160GMB,雅力士,MT5,1600,8.83 ,5.55 ,6.80 ,0.16 
广州丰田汽车有限公司,GTM7160R,雅力士,AT4,1600,9.07 ,5.96 ,7.30 ,0.19 
广州丰田汽车有限公司,GTM7160RB,雅力士,AT4,1600,9.07 ,5.96 ,7.30 ,0.19 
广州丰田汽车有限公司,GTM7160RM,雅力士,MT5,1600,8.83 ,5.55 ,6.80 ,0.16 
广州丰田汽车有限公司,GTM7160RMB,雅力士,MT5,1600,8.83 ,5.76 ,6.80 ,0.16 
广州丰田汽车有限公司,GTM7161G,雅力士,AT4,1600,8.89 ,5.79 ,7.30 ,0.19 
广州丰田汽车有限公司,GTM7161GB,雅力士,AT4,1600,9.06 ,5.85 ,7.30 ,0.19 
广州丰田汽车有限公司,GTM7161GM,雅力士,MT5,1600,8.85 ,5.74 ,6.80 ,0.16 
广州丰田汽车有限公司,GTM7161GMB,雅力士,MT5,1600,8.82 ,5.58 ,6.80 ,0.16 
广州丰田汽车有限公司,GTM7161R,雅力士,AT4,1600,8.89 ,5.79 ,7.30 ,0.19 
广州丰田汽车有限公司,GTM7161RB,雅力士,AT4,1600,9.06 ,5.85 ,7.30 ,0.19 
广州丰田汽车有限公司,GTM7161RM,雅力士,MT5,1600,8.85 ,5.54 ,6.80 ,0.16 
广州丰田汽车有限公司,GTM7161RMB,雅力士,MT5,1600,8.81 ,5.61 ,6.80 ,0.16 
广州丰田汽车有限公司,GTM7200E,凯美瑞,AT4,2000,12.36 ,6.98 ,9.40 ,0.28 
广州丰田汽车有限公司,GTM7200EB,凯美瑞,AT4,2000,12.40 ,6.92 ,9.40 ,0.28 
广州丰田汽车有限公司,GTM7200G,凯美瑞,AT4,2000,13.00 ,7.30 ,9.40 ,0.29 
广州丰田汽车有限公司,GTM7200GB,凯美瑞,AT4,2000,12.40 ,6.92 ,9.40 ,0.29 
广州丰田汽车有限公司,GTM7200GB-NAVI,凯美瑞,AT4,2000,12.40 ,6.92 ,9.40 ,0.29 
广州丰田汽车有限公司,GTM7200G-NAVI,凯美瑞,AT4,2000,13.00 ,7.30 ,9.40 ,0.29 
广州丰田汽车有限公司,GTM7240E,凯美瑞,AT5,2400,13.40 ,7.60 ,10.30 ,0.29 
广州丰田汽车有限公司,GTM7240EB,凯美瑞,AT5,2400,12.93 ,7.25 ,10.30 ,0.29 
广州丰田汽车有限公司,GTM7240G,凯美瑞,AT5,2400,13.40 ,7.60 ,10.30 ,0.30 
广州丰田汽车有限公司,GTM7240GB,凯美瑞,AT5,2400,12.93 ,7.25 ,10.30 ,0.30 
广州丰田汽车有限公司,GTM7240GB-NAVI,凯美瑞,AT5,2400,12.93 ,7.25 ,10.30 ,0.30 
广州丰田汽车有限公司,GTM7240G-NAVI ,凯美瑞,AT5,2400,13.40 ,7.60 ,10.30 ,0.30 
广州丰田汽车有限公司,GTM7240V,凯美瑞,AT5,2400,13.81 ,8.09 ,10.30 ,0.31 
广州丰田汽车有限公司,GTM7240VB,凯美瑞,AT5,2400,13.21 ,7.41 ,10.30 ,0.31 
广州丰田汽车有限公司,GTM7240VB-NAVI,凯美瑞,AT5,2400,13.21 ,7.41 ,10.30 ,0.31 
广州丰田汽车有限公司,GTM7240V-NAVI ,凯美瑞,AT5,2400,13.81 ,8.09 ,10.30 ,0.31 
哈飞汽车股份有限公司,HFJ7110AE,哈飞路宝,MT5,1075,7.94 ,5.66 ,6.50 ,0.24 
哈飞汽车股份有限公司,HFJ7110AE,哈飞路宝,AMT,1075,7.94 ,5.66 ,6.50 ,0.24 
哈飞汽车股份有限公司,HFJ7110E3,哈飞路宝,MT5,1075,7.94 ,5.66 ,6.50 ,0.24 
哈飞汽车股份有限公司,HFJ7110E4,哈飞路宝,MT5,1075,7.94 ,5.66 ,6.50 ,0.24 
哈飞汽车股份有限公司,HFJ7110E4,哈飞路宝,AMT,1075,7.94 ,5.66 ,6.50 ,0.24 
哈飞汽车股份有限公司,HFJ7130E3,哈飞赛马,MT5,1299,8.65 ,6.36 ,7.20 ,0.25 
哈飞汽车股份有限公司,HFJ7130E4,哈飞赛马,MT5,1299,8.65 ,6.36 ,7.20 ,0.25 
哈飞汽车股份有限公司,HFJ7133E,哈飞路宝,MT5,1302,8.25 ,5.80 ,6.70 ,0.22 
哈飞汽车股份有限公司,HFJ7133E3,哈飞路宝,MT5,1302,8.25 ,5.80 ,6.70 ,0.22 
哈飞汽车股份有限公司,HFJ7133E4,哈飞路宝,MT5,1302,8.25 ,5.80 ,6.70 ,0.22 
哈飞汽车股份有限公司,HFJ7152E4,哈飞赛马,MT5,1488,9.32 ,5.97 ,7.20 ,0.22 
哈飞汽车股份有限公司,HFJ7160E,哈飞赛马,MT5,1584,9.82 ,6.78 ,7.90 ,0.28 
哈飞汽车股份有限公司,HFJ7161E,哈飞赛豹,MT5,1584,9.51 ,6.65 ,7.70 ,0.25 
哈飞汽车股份有限公司,HFJ7161E3,哈飞赛豹,MT5,1584,9.51 ,6.65 ,7.70 ,0.25 
哈飞汽车股份有限公司,HFJ7161E4,哈飞赛豹,MT5,1584,9.51 ,6.65 ,7.70 ,0.25 
哈飞汽车股份有限公司,HFJ7182E,哈飞赛豹Ⅴ,MT5,1834,10.37 ,6.62 ,8.00 ,0.21 
哈飞汽车股份有限公司,HFJ7182E3,哈飞赛豹Ⅴ,MT5,1834,10.37 ,6.62 ,8.00 ,0.21 
合肥昌河汽车有限责任公司,CH7101BE,爱迪尔,MT5,970,8.06 ,5.44 ,6.50 ,0.41 
合肥昌河汽车有限责任公司,CH7101BE4,爱迪尔,MT5,970,8.59 ,5.72 ,6.78 ,0.45 
合肥昌河汽车有限责任公司,CH7111AE3,爱迪尔,MT5,1075,8.56 ,5.38 ,6.55 ,0.29 
合肥昌河汽车有限责任公司,CH7111AE4,爱迪尔,MT5,1075,8.38 ,5.42 ,6.51 ,0.27 
合肥昌河汽车有限责任公司,CH7111BE,爱迪尔,MT5,1075,8.56 ,5.38 ,6.55 ,0.29 
合肥昌河汽车有限责任公司,CH7111BE3,爱迪尔,MT5,1075,8.56 ,5.38 ,6.55 ,0.29 
合肥昌河汽车有限责任公司,CH7141E,爱迪尔,MT5,1372,7.79 ,5.32 ,6.40 ,0.20 
合肥昌河汽车有限责任公司,CH7141E3,爱迪尔,MT5,1372,8.15 ,5.28 ,6.40 ,0.20 
湖南江南汽车制造有限公司,JNJ7082,江南奥拓轿车,MT4,796,7.73 ,5.04 ,5.90 ,0.42 
华晨宝马汽车有限公司,BMW7200BD(BMW320i),宝马320i,AT6,1995,12.70 ,6.50 ,8.80 ,0.24 
华晨宝马汽车有限公司,BMW7200ED(BMW320i),宝马320i,AT6,1995,12.70 ,6.50 ,8.80 ,0.24 
华晨宝马汽车有限公司,BMW7200FD(BMW320i),宝马320i,AT6,1995,12.70 ,6.50 ,8.80 ,0.24 
华晨宝马汽车有限公司,BMW7200HD(BMW318i),宝马318i,AT6,1995,12.50 ,6.30 ,8.60 ,0.26 
华晨宝马汽车有限公司,BMW7250BD(BMW325i,宝马325i,AT6,2497,14.70 ,6.70 ,9.60 ,0.21 
华晨宝马汽车有限公司,BMW7250CD(BMW325i),宝马325i,AT6,2497,14.70 ,6.70 ,9.60 ,0.21 
华晨宝马汽车有限公司,BMW7250ED(BMW325i),宝马325i,AT6,2497,14.70 ,6.70 ,9.60 ,0.21 
华晨宝马汽车有限公司,BMW7250FD(BMW325i),宝马325i,AT6,2497,14.70 ,6.70 ,9.60 ,0.21 
华晨宝马汽车有限公司,BMW7250GD(BMW325i),宝马325i,AT6,2497,14.70 ,6.70 ,9.60 ,0.21 
华晨宝马汽车有限公司,BMW7250HD(BMW325i),宝马325i,AT6,2497,14.70 ,6.70 ,9.60 ,0.21 
华晨宝马汽车有限公司,BMW7251CL(BMW523Li),宝马523加长款,AT6,2497,15.30 ,6.60 ,9.80 ,0.26 
华晨宝马汽车有限公司,BMW7251DL(BMW525Li),宝马525加长款,AT6,2497,14.40 ,7.30 ,9.90 ,0.22 
华晨宝马汽车有限公司,BMW7251EL(BMW523Li),宝马523加长款,AT6,2497,15.20 ,6.50 ,9.70 ,0.27 
华晨宝马汽车有限公司,BMW7251FL(BMW523Li),宝马523加长款,AT6,2497,15.30 ,6.60 ,9.80 ,0.26 
华晨宝马汽车有限公司,BMW7251GL(BMW525Li),宝马525加长款,AT6,2497,14.40 ,7.30 ,9.90 ,0.22 
华晨宝马汽车有限公司,BMW7301BL(BMW530Li),宝马530加长款,AT6,2996,14.70 ,7.70 ,9.90 ,0.19 
华晨宝马汽车有限公司,BMW7301EL(BMW530Li),宝马530加长款,AT6,2996,14.70 ,7.70 ,9.90 ,0.19 
江西昌河铃木汽车有限责任公司,CH7100A1,北斗星,MT5,970,8.58 ,5.66 ,6.77 ,0.43 
江西昌河铃木汽车有限责任公司,CH7140,北斗星,MT5,1372,7.50 ,5.00 ,5.90 ,0.16 
江西昌河铃木汽车有限责任公司,CH7140A,北斗星,MT5,1372,7.80 ,4.98 ,6.03 ,0.17 
江西昌河铃木汽车有限责任公司,CH7140A1,北斗星,MT5,1372,8.90 ,5.25 ,6.60 ,0.20 
江西昌河铃木汽车有限责任公司,CH7160AC,利亚纳,AT4,1586,10.17 ,6.36 ,7.80 ,0.28 
江西昌河铃木汽车有限责任公司,CH7160C,利亚纳,MT5,1586,9.47 ,6.28 ,7.62 ,0.26 
江西昌河铃木汽车有限责任公司,CH7160T,利亚纳,MT5,1586,9.42 ,6.44 ,7.54 ,0.27 
江西昌河铃木汽车有限责任公司,CH7161AC,利亚纳,AT4,1586,10.17 ,6.36 ,7.80 ,0.28 
江西昌河铃木汽车有限责任公司,CH7161C,利亚纳,MT5,1586,9.47 ,6.28 ,7.62 ,0.27 
江西昌河铃木汽车有限责任公司,CH7181,利亚纳,MT5,1796,10.12 ,6.57 ,7.88 ,0.24 
江西昌河铃木汽车有限责任公司,CH7181A,利亚纳,AT4,1796,10.71 ,6.96 ,8.49 ,0.28 
奇瑞汽车股份有限公司,SQR7080S116,QQ3,MT,812,7.60 ,5.26 ,6.12 ,0.29 
奇瑞汽车股份有限公司,SQR7080S117 ,QQ3,MT,812,8.40 ,5.71 ,6.70 ,0.34 
奇瑞汽车股份有限公司,SQR7080S11T6,QQ3,AMT,812,7.80 ,5.24 ,6.18 ,0.30 
奇瑞汽车股份有限公司,SQR7080S11T7 ,QQ3,AMT,812,8.40 ,5.71 ,6.70 ,0.35 
奇瑞汽车股份有限公司,SQR7081S1,QQ3,MT,812,7.10 ,5.04 ,5.80 ,0.26 
奇瑞汽车股份有限公司,SQR7081S11T,QQ3,AMT,812,7.30 ,5.56 ,6.20 ,0.30 
奇瑞汽车股份有限公司,SQR7110S116,QQ3,MT,1083,9.00 ,5.19 ,6.59 ,0.26 
奇瑞汽车股份有限公司,SQR7110S117 ,QQ3,MT,1083,8.40 ,5.71 ,6.70 ,0.26 
奇瑞汽车股份有限公司,SQR7110S11T6 ,QQ3,AMT,1083,8.40 ,5.71 ,6.70 ,0.27 
奇瑞汽车股份有限公司,SQR7110S11T7 ,QQ3,AMT,1083,8.40 ,5.71 ,6.70 ,0.27 
奇瑞汽车股份有限公司,SQR7110S216 ,QQ6,MT,1083,8.80 ,5.95 ,7.00 ,0.29 
奇瑞汽车股份有限公司,SQR7110S217 ,QQ6,MT,1083,8.80 ,5.95 ,7.00 ,0.29 
奇瑞汽车股份有限公司,SQR7111S11,QQ3,MT,1083,8.50 ,5.49 ,6.60 ,0.26 
奇瑞汽车股份有限公司,SQR7111S21,QQ6,MT,1083,8.50 ,6.13 ,7.00 ,0.29 
奇瑞汽车股份有限公司,SQR7120S216 ,QQ6,MT,1173,8.60 ,5.67 ,6.75 ,0.23 
奇瑞汽车股份有限公司,SQR7130A217/A,A5,MT,1297,9.60 ,5.49 ,7.00 ,0.28 
奇瑞汽车股份有限公司,SQR7130S127 ,A1,MT,1297,9.10 ,6.09 ,7.20 ,0.27 
奇瑞汽车股份有限公司,SQR7130S12T7 ,A1,AMT,1297,9.10 ,6.09 ,7.20 ,0.27 
奇瑞汽车股份有限公司,SQR7130S167 ,S16,MT,1297,8.80 ,5.48 ,6.70 ,0.24 
奇瑞汽车股份有限公司,SQR7130S187 ,S18,MT,1297,8.60 ,5.67 ,6.75 ,0.24 
奇瑞汽车股份有限公司,SQR7130S217 ,QQ6,MT,1297,9.00 ,6.15 ,7.20 ,0.27 
奇瑞汽车股份有限公司,SQR7130S21T7 ,QQ6,AMT,1297,9.30 ,5.98 ,7.20 ,0.27 
奇瑞汽车股份有限公司,SQR7131S12 ,A1,MT,1297,9.00 ,6.15 ,7.20 ,0.27 
奇瑞汽车股份有限公司,SQR7131S21,QQ6,MT,1297,9.80 ,5.69 ,7.20 ,0.27 
奇瑞汽车股份有限公司,SQR7130A157 ,旗云,MT,1346,9.00 ,6.29 ,7.29 ,0.24 
奇瑞汽车股份有限公司,SQR7130A156,旗云,MT,1349,10.10 ,5.97 ,7.49 ,0.29 
奇瑞汽车股份有限公司,SQR7150A157 ,旗云,MT,1497,9.20 ,6.18 ,7.29 ,0.21 
奇瑞汽车股份有限公司,SQR7151A15 ,旗云,MT,1497,9.10 ,6.85 ,7.68 ,0.23 
奇瑞汽车股份有限公司,SQR7151A217 ,A5,MT,1497,9.00 ,6.47 ,7.40 ,0.22 
奇瑞汽车股份有限公司,SQR7160A156,旗云,MT,1596,10.40 ,6.24 ,7.77 ,0.29 
奇瑞汽车股份有限公司,SQR7161A15,旗云,MT,1596,8.70 ,6.48 ,7.30 ,0.26 
奇瑞汽车股份有限公司,SQR7160A217 ,A5,MT,1597,10.70 ,6.90 ,8.30 ,0.26 
奇瑞汽车股份有限公司,SQR7160M117 ,A3,MT,1597,11.70 ,6.95 ,8.70 ,0.31 
奇瑞汽车股份有限公司,SQR7160M127 ,A3,MT,1597,11.50 ,6.75 ,8.50 ,0.28 
奇瑞汽车股份有限公司,SQR7160T11,瑞虎,MT,1597,10.30 ,6.66 ,8.00 ,0.29 
奇瑞汽车股份有限公司,SQR7160T116,瑞虎,MT,1597,11.20 ,6.12 ,7.99 ,0.29 
奇瑞汽车股份有限公司,SQR7160T117 ,瑞虎,MT,1597,11.60 ,7.17 ,8.80 ,0.35 
奇瑞汽车股份有限公司,SQR7161A2H,A5,MT,1597,10.70 ,6.78 ,8.22 ,0.25 
奇瑞汽车股份有限公司,SQR7162,旗云,MT,1598,10.40 ,6.33 ,7.83 ,0.23 
奇瑞汽车股份有限公司,SQR7160A216,A5,MT,1845,10.70 ,6.92 ,8.31 ,0.23 
奇瑞汽车股份有限公司,SQR7180A217 ,A5,MT,1845,10.60 ,6.96 ,8.30 ,0.23 
奇瑞汽车股份有限公司,SQR7180A21T7 ,A5,AMT,1845,11.30 ,7.38 ,8.82 ,0.27 
奇瑞汽车股份有限公司,SQR7180B116,东方之子,MT,1845,11.00 ,6.76 ,8.32 ,0.25 
奇瑞汽车股份有限公司,SQR7180B117 ,东方之子,MT,1845,12.20 ,6.98 ,8.90 ,0.28 
奇瑞汽车股份有限公司,SQR7180M117 ,A3,MT,1845,11.60 ,6.85 ,8.60 ,0.27 
奇瑞汽车股份有限公司,SQR7180T116,瑞虎,MT,1845,10.40 ,6.21 ,7.75 ,0.23 
奇瑞汽车股份有限公司,SQR7180T117 ,瑞虎,MT,1845,11.60 ,7.17 ,8.80 ,0.29 
奇瑞汽车股份有限公司,SQR7180T11T7 ,瑞虎,AMT,1845,11.50 ,7.23 ,8.80 ,0.29 
奇瑞汽车股份有限公司,SQR7181A21,A5,MT,1845,9.50 ,7.60 ,8.30 ,0.23 
奇瑞汽车股份有限公司,SQR7181T11,瑞虎,MT,1845,10.60 ,7.04 ,8.35 ,0.26 
奇瑞汽车股份有限公司,SQR7200T11A6 ,瑞虎,4WD,1845,13.20 ,6.71 ,9.10 ,0.32 
奇瑞汽车股份有限公司,SQR7180A216,A5,MT,1971,10.60 ,6.85 ,8.23 ,0.22 
奇瑞汽车股份有限公司,SQR7200A21T6,A5,AT,1971,11.90 ,7.15 ,8.90 ,0.26 
奇瑞汽车股份有限公司,SQR7200A21T7 ,A5,AT,1971,11.90 ,7.96 ,9.41 ,0.29 
奇瑞汽车股份有限公司,SQR7200B117 ,东方之子,MT,1971,12.40 ,7.49 ,9.30 ,0.29 
奇瑞汽车股份有限公司,SQR7200B11T6 ,东方之子,AT,1971,12.50 ,8.23 ,9.80 ,0.33 
奇瑞汽车股份有限公司,SQR7200B11T7 ,东方之子,AT,1971,12.60 ,8.17 ,9.80 ,0.33 
奇瑞汽车股份有限公司,SQR7200M117 ,A3,MT,1971,11.80 ,7.05 ,8.80 ,0.27 
奇瑞汽车股份有限公司,SQR7200M11T7 ,A3,AT,1971,13.40 ,6.75 ,9.20 ,0.30 
奇瑞汽车股份有限公司,SQR7200M127 ,A3,MT,1971,11.80 ,7.05 ,8.80 ,0.26 
奇瑞汽车股份有限公司,SQR7200M12T7 ,A3,AT,1971,13.30 ,6.65 ,9.10 ,0.28 
奇瑞汽车股份有限公司,SQR7200T11A7 ,瑞虎,4WD,1971,13.10 ,6.77 ,9.10 ,0.31 
奇瑞汽车股份有限公司,SQR7200T11T6 ,瑞虎,AT,1971,13.40 ,7.07 ,9.40 ,0.32 
奇瑞汽车股份有限公司,SQR7200T11T7 ,瑞虎,AT,1971,11.60 ,7.37 ,8.93 ,0.29 
奇瑞汽车股份有限公司,SQR7201A2F,A5,MT,1971,11.20 ,6.55 ,8.26 ,0.22 
奇瑞汽车股份有限公司,SQR7201B11,东方之子,MT,1971,12.00 ,7.73 ,9.30 ,0.29 
奇瑞汽车股份有限公司,SQR7206,瑞虎,MT,1971,11.50 ,6.82 ,8.54 ,0.26 
奇瑞汽车股份有限公司,SQR7200,东方之子,MT,1997,11.40 ,7.05 ,8.65 ,0.28 
上海大众汽车有限公司,SVW7144ARD,波罗 劲情,MT5,1391,8.50 ,5.50 ,6.60 ,0.22 
上海大众汽车有限公司,SVW7144ARi,波罗 劲情,MT5,1391,8.50 ,5.50 ,6.60 ,0.22 
上海大众汽车有限公司,SVW7144BRD,波罗 劲情,AT6,1391,10.30 ,5.90 ,7.50 ,0.30 
上海大众汽车有限公司,SVW7144BRi,波罗 劲情,AT6,1391,10.30 ,5.90 ,7.50 ,0.30 
上海大众汽车有限公司,SVW7144CRD,波罗 劲取,MT5,1391,8.50 ,5.50 ,6.60 ,0.22 
上海大众汽车有限公司,SVW7144CRi,波罗 劲取,MT5,1391,8.50 ,5.50 ,6.60 ,0.22 
上海大众汽车有限公司,SVW7144DRD,波罗 劲取,AT6,1391,10.30 ,5.90 ,7.50 ,0.30 
上海大众汽车有限公司,SVW7144DRi,波罗 劲取,AT6,1391,10.30 ,5.90 ,7.50 ,0.30 
上海大众汽车有限公司,SVW7148ARD,晶锐,MT5,1391,9.00 ,5.70 ,6.90 ,0.24 
上海大众汽车有限公司,SVW7148BRD,晶锐,AT6,1391,10.50 ,6.10 ,7.70 ,0.31 
上海大众汽车有限公司,SVW7164ASD,波罗 劲情,MT5,1598,9.20 ,5.60 ,6.90 ,0.20 
上海大众汽车有限公司,SVW7164ASi,波罗 劲情,MT5,1598,9.20 ,5.60 ,6.90 ,0.20 
上海大众汽车有限公司,SVW7164BSD,波罗 劲情,AT6,1598,9.80 ,6.20 ,7.50 ,0.25 
上海大众汽车有限公司,SVW7164BSi,波罗 劲情,AT6,1598,9.80 ,6.20 ,7.50 ,0.25 
上海大众汽车有限公司,SVW7164CSD,波罗 劲取,MT5,1598,9.20 ,5.60 ,6.90 ,0.20 
上海大众汽车有限公司,SVW7164CSi,波罗 劲取,MT5,1598,9.20 ,5.60 ,6.90 ,0.20 
上海大众汽车有限公司,SVW7164DSD,波罗 劲取,AT6,1598,9.80 ,6.20 ,7.50 ,0.25 
上海大众汽车有限公司,SVW7164DSi,波罗 劲取,AT6,1598,9.80 ,6.20 ,7.50 ,0.25 
上海大众汽车有限公司,SVW7164ESD,CROSSPOLO,MT5,1598,9.20 ,5.90 ,7.10 ,0.21 
上海大众汽车有限公司,SVW7164ESi,CROSSPOLO,MT5,1598,9.20 ,5.90 ,7.10 ,0.21 
上海大众汽车有限公司,SVW7164FSD,CROSSPOLO,AT6,1598,9.80 ,6.50 ,7.70 ,0.26 
上海大众汽车有限公司,SVW7164FSi,CROSSPOLO,AT6,1598,9.80 ,6.50 ,7.70 ,0.26 
上海大众汽车有限公司,SVW7166ASD ,明锐,MT5,1598,10.20 ,5.90 ,7.50 ,0.24 
上海大众汽车有限公司,SVW7166ASi,明锐,MT5,1598,10.20 ,5.90 ,7.50 ,0.24 
上海大众汽车有限公司,SVW7166BSD ,明锐,AT6,1598,11.60 ,6.00 ,8.00 ,0.28 
上海大众汽车有限公司,SVW7166BSi ,明锐,AT6,1598,11.60 ,6.00 ,8.00 ,0.28 
上海大众汽车有限公司,SVW7167ASD,朗逸,MT5,1598,9.80 ,5.80 ,7.30 ,0.22 
上海大众汽车有限公司,SVW7167BSD,朗逸,AT6,1598,11.30 ,6.00 ,7.90 ,0.26 
上海大众汽车有限公司,SVW7168CSD,晶锐,MT5,1598,9.60 ,5.80 ,7.20 ,0.21 
上海大众汽车有限公司,SVW7168DSD,晶锐,AT6,1598,10.00 ,6.40 ,7.70 ,0.26 
上海大众汽车有限公司,SVW7180LED,桑塔纳,MT5,1781,10.80 ,6.20 ,7.90 ,0.27 
上海大众汽车有限公司,SVW7180LEi,桑塔纳,MT5,1781,10.80 ,6.20 ,7.90 ,0.27 
上海大众汽车有限公司,SVW7181LED,桑塔纳,MT5,1781,10.80 ,6.20 ,7.90 ,0.28 
上海大众汽车有限公司,SVW7181LEi,桑塔纳,MT5,1781,10.80 ,6.20 ,7.90 ,0.28 
上海大众汽车有限公司,SVW7182HQD,桑塔纳 志俊,MT5,1781,11.90 ,6.60 ,8.50 ,0.32 
上海大众汽车有限公司,SVW7182HQi,桑塔纳 志俊,MT5,1781,11.90 ,6.60 ,8.50 ,0.32 
上海大众汽车有限公司,SVW7182JQD,桑塔纳 志俊,AT4,1781,12.00 ,7.20 ,8.90 ,0.36 
上海大众汽车有限公司,SVW7182JQi,桑塔纳 志俊,AT4,1781,12.00 ,7.20 ,8.90 ,0.36 
上海大众汽车有限公司,SVW7183GJD,帕萨特,AT5,1781,14.30 ,7.90 ,10.30 ,0.34 
上海大众汽车有限公司,SVW7183GJi,帕萨特,AT5,1781,14.30 ,7.90 ,10.30 ,0.34 
上海大众汽车有限公司,SVW7183HJD,帕萨特,MT5,1781,12.30 ,7.30 ,9.10 ,0.25 
上海大众汽车有限公司,SVW7183HJi,帕萨特,MT5,1781,12.30 ,7.30 ,9.10 ,0.25 
上海大众汽车有限公司,SVW7183LJD,帕萨特 领驭,AT5,1781,13.40 ,8.10 ,10.00 ,0.33 
上海大众汽车有限公司,SVW7183LJi  ,帕萨特 领驭,AT5,1781,13.40 ,8.10 ,10.00 ,0.33 
上海大众汽车有限公司,SVW7183MJD,帕萨特 领驭,MT5,1781,12.10 ,8.00 ,9.50 ,0.28 
上海大众汽车有限公司,SVW7183MJi,帕萨特 领驭,MT5,1781,12.10 ,8.00 ,9.50 ,0.28 
上海大众汽车有限公司,SVW7186AJD ,明锐,AT6,1798,12.10 ,6.50 ,8.50 ,0.22 
上海大众汽车有限公司,SVW7186AJi  ,明锐,AT6,1798,12.10 ,6.50 ,8.50 ,0.22 
上海大众汽车有限公司,SVW7186BJD,明锐,MT5,1798,10.70 ,6.30 ,7.90 ,0.18 
上海大众汽车有限公司,SVW7202KQD,桑塔纳 志俊,MT5,1984,11.90 ,6.20 ,8.30 ,0.28 
上海大众汽车有限公司,SVW7202KQi,桑塔纳 志俊,MT5,1984,11.90 ,6.20 ,8.30 ,0.28 
上海大众汽车有限公司,SVW7202LQD,桑塔纳 志俊,AT4,1984,13.60 ,7.80 ,9.10 ,0.35 
上海大众汽车有限公司,SVW7202LQi,桑塔纳 志俊,AT4,1984,13.60 ,7.80 ,9.10 ,0.35 
上海大众汽车有限公司,SVW7203CPD,帕萨特,MT5,1984,12.50 ,7.10 ,9.10 ,0.32 
上海大众汽车有限公司,SVW7203CPi,帕萨特,MT5,1984,12.50 ,7.10 ,9.10 ,0.32 
上海大众汽车有限公司,SVW7203DPD,帕萨特,AT4,1984,13.50 ,7.50 ,9.70 ,0.38 
上海大众汽车有限公司,SVW7203EPD,帕萨特 领驭,MT5,1984,11.70 ,7.30 ,8.90 ,0.31 
上海大众汽车有限公司,SVW7203EPi,帕萨特 领驭,MT5,1984,11.70 ,7.30 ,8.90 ,0.31 
上海大众汽车有限公司,SVW7203FPD,帕萨特 领驭,AT4,1984,13.10 ,8.00 ,9.80 ,0.39 
上海大众汽车有限公司,SVW7203FPi,帕萨特 领驭,AT4,1984,13.10 ,8.00 ,9.80 ,0.39 
上海大众汽车有限公司,SVW7206APD,明锐,MT5,1984,10.30 ,6.40 ,7.80 ,0.24 
上海大众汽车有限公司,SVW7206APi,明锐,MT5,1984,10.30 ,6.40 ,7.80 ,0.24 
上海大众汽车有限公司,SVW7206BPD,明锐,AT6,1984,12.00 ,6.60 ,8.60 ,0.30 
上海大众汽车有限公司,SVW7206BPi,明锐,AT6,1984,12.00 ,6.60 ,8.60 ,0.30 
上海大众汽车有限公司,SVW7207CPD,朗逸,MT5,1984,10.60 ,6.20 ,7.80 ,0.22 
上海大众汽车有限公司,SVW7207DPD,朗逸,AT6,1984,11.70 ,6.80 ,8.60 ,0.28 
上海大众汽车有限公司,SVW7283KKD,帕萨特 领驭,AT5,2771,14.60 ,8.50 ,10.70 ,0.30 
上海华普汽车有限公司,SMA7131E3,海域,MT5,1342,10.62 ,6.44 ,7.80 ,0.29 
上海华普汽车有限公司,SMA7132E3,海域,MT5,1342,10.62 ,6.44 ,7.80 ,0.30 
上海华普汽车有限公司,SMA7151E3,海域,MT5,1498,10.39 ,6.32 ,7.80 ,0.28 
上海华普汽车有限公司,SMA7151E4,海域,MT5,1498,11.46,5.98,8.00 ,0.29 
上海华普汽车有限公司,SMA7152E3,海峰,MT5,1498,10.39 ,6.32 ,7.80 ,0.28 
上海华普汽车有限公司,SMA7181E3,海尚,MT5,1762,10.30,6.70,7.80 ,0.23
上海华普汽车有限公司,SMA7181E4,海尚,MT5,1762,11.41,5.94,7.80 ,0.23 
上海华普汽车有限公司,SMA7182E3,海峰,MT5,1762,10.30,6.70,8.00 ,0.25 
上海华普汽车有限公司,SMA7182E4,海峰,MT5,1762,11.41,5.94,7.96 ,0.24
上海汽车集团股份有限公司乘用车公司,NJ7140ZR,1.4L手动舒适版/豪华版,MT5,1396,8.96 ,5.27 ,6.80 ,0.20 
上海汽车集团股份有限公司乘用车公司,NJ7140ZR4,1.4L手动档舒适版/豪华版(EU4),MT5,1396,9.27 ,5.51 ,6.90 ,0.21 
上海汽车集团股份有限公司乘用车公司,CSA7180AA-DL,Roewe 750 1.8T AT,AT5,1796,12.27 ,7.67 ,9.40 ,0.27 
上海汽车集团股份有限公司乘用车公司,CSA7180AB-DL,Roewe 750 1.8T AT,AT5,1796,12.27 ,7.67 ,9.40 ,0.27 
上海汽车集团股份有限公司乘用车公司,CSA7180AC-DL,Roewe 750 1.8T AT,AT5,1796,12.27 ,7.67 ,8.70 ,0.23 
上海汽车集团股份有限公司乘用车公司,CSA7180MA-DL,Roewe 750 1.8T MT,MT5,1796,12.27 ,7.67 ,8.70 ,0.22 
上海汽车集团股份有限公司乘用车公司,CSA7180MA-S ,Roewe 750 1.8T MT,MT5,1796,12.27 ,7.67 ,8.70 ,0.22 
上海汽车集团股份有限公司乘用车公司,CSA7180MB-DL,Roewe 750 1.8T MT,MT5,1796,12.27 ,7.67 ,8.70 ,0.22 
上海汽车集团股份有限公司乘用车公司,CSA7180MB-S ,Roewe 750 1.8T MT,MT5,1796,12.27 ,7.67 ,8.70 ,0.22 
上海汽车集团股份有限公司乘用车公司,CSA7180MC-DL,Roewe 750 1.8T MT,MT5,1796,12.27 ,7.67 ,8.70 ,0.22 
上海汽车集团股份有限公司乘用车公司,CSA7180MC-S ,Roewe 750 1.8T MT,MT5,1796,12.27 ,7.67 ,8.70 ,0.22 
上海汽车集团股份有限公司乘用车公司,CSA7181AA,Roewe 550 1.8T AT,AT5,1796,12.66 ,7.10 ,9.00 ,0.25 
上海汽车集团股份有限公司乘用车公司,CSA7181AB,Roewe 550 1.8T AT,AT5,1796,12.66 ,7.10 ,9.00 ,0.25 
上海汽车集团股份有限公司乘用车公司,CSA7181AC,Roewe 550 1.8T AT,AT5,1796,12.66 ,7.10 ,9.00 ,0.25 
上海汽车集团股份有限公司乘用车公司,CSA7181MA,Roewe 550 1.8T MT,MT5,1796,11.23 ,6.91 ,8.50 ,0.22 
上海汽车集团股份有限公司乘用车公司,CSA7181MB,Roewe 550 1.8T MT,MT5,1796,11.23 ,6.91 ,8.50 ,0.22 
上海汽车集团股份有限公司乘用车公司,CSA7181MC,Roewe 550 1.8T MT,MT5,1796,11.23 ,6.91 ,8.50 ,0.22 
上海汽车集团股份有限公司乘用车公司,CSA7182AB,Roewe 550 1.8DVVT AT,AT5,1796,13.02 ,7.50 ,9.50 ,0.33 
上海汽车集团股份有限公司乘用车公司,CSA7182AC,Roewe 550 1.8DVVT AT,AT5,1796,13.02 ,7.50 ,9.50 ,0.33 
上海汽车集团股份有限公司乘用车公司,CSA7182MB,Roewe 550 1.8DVVT MT,MT5,1796,10.68 ,6.75 ,8.30 ,0.25 
上海汽车集团股份有限公司乘用车公司,CSA7182MC,Roewe 550 1.8DVVT MT,MT5,1796,10.68 ,6.75 ,8.30 ,0.25 
上海汽车集团股份有限公司乘用车公司,NJ7180TF,MG TF 手动挡,MT5,1796,10.91 ,5.95 ,7.60 ,0.22 
上海汽车集团股份有限公司乘用车公司,NJ7180TF,MG TF 自动档,CVT,1796,11.15 ,6.15 ,8.00 ,0.27 
上海汽车集团股份有限公司乘用车公司,NJ7180TF4,MG TF 手动挡（EU4）,MT5,1796,11.07 ,5.98 ,8.00 ,0.24 
上海汽车集团股份有限公司乘用车公司,NJ7180ZR,1.8L自动档舒适版/豪华版,AT5,1796,11.23 ,6.03 ,7.90 ,0.24 
上海汽车集团股份有限公司乘用车公司,NJ7180ZT,MG7手动档舒适版/精英版,MT5,1796,11.28 ,7.12 ,8.60 ,0.24 
上海汽车集团股份有限公司乘用车公司,NJ7180ZT4,MG7手动档舒适版/精英版（EU4）,MT5,1796,11.28 ,6.23 ,7.80 ,0.27 
上海汽车集团股份有限公司乘用车公司,NJ7181ZT4,MG7手动档舒适版/精英版(EU4),MT5,1796,11.42 ,5.83 ,8.60 ,0.25 
上海汽车集团股份有限公司乘用车公司,NJ7181ZT4,MG7自动档舒适版/豪华版/超豪华版（EU4）,AMT5,1796,11.17 ,6.11 ,9.20 ,0.29 
上海汽车集团股份有限公司乘用车公司,NJ7250ZL,MG7L自动档豪华版,AT5,2497,15.21 ,8.42 ,10.60 ,0.34 
上海汽车集团股份有限公司乘用车公司,NJ7250ZT,MG7L手动档豪华版,MT5,2497,14.83 ,7.73 ,10.20 ,0.31 
上海通用东岳汽车有限公司,SGM7122MT轿车,新乐骋,MT5,1206,7.61 ,5.16 ,6.10 ,0.18 
上海通用东岳汽车有限公司,SGM7123MT轿车,乐风,MT5,1206,7.61 ,5.16 ,6.10 ,0.18 
上海通用东岳汽车有限公司,SGM7140ATA轿车,乐骋,AT4,1399,9.80 ,6.03 ,7.50 ,0.26 
上海通用东岳汽车有限公司,SGM7140AT轿车,乐骋,AT4,1399,10.50 ,6.18 ,7.60 ,0.26 
上海通用东岳汽车有限公司,SGM7140MTA轿车,乐骋,MT5,1399,8.79 ,5.43 ,6.80 ,0.21 
上海通用东岳汽车有限公司,SGM7140MT轿车,乐骋,MT5,1399,9.67 ,5.90 ,7.10 ,0.22 
上海通用东岳汽车有限公司,SGM7141ATA轿车,乐风,AT4,1399,10.13 ,6.04 ,7.50 ,0.26 
上海通用东岳汽车有限公司,SGM7141AT轿车,乐风,AT4,1399,10.50 ,6.18 ,7.60 ,0.26 
上海通用东岳汽车有限公司,SGM7141MTA轿车,乐风,MT5,1399,9.22 ,5.50 ,6.80 ,0.21 
上海通用东岳汽车有限公司,SGM7141MT轿车,乐风,MT5,1399,9.89 ,6.11 ,7.22 ,0.23 
上海通用东岳汽车有限公司,SGM7144MT轿车,新乐骋,MT5,1399,8.79 ,5.43 ,6.80 ,0.21 
上海通用东岳汽车有限公司,SGM714AT4轿车,新乐骋,AT4,1399,9.80 ,6.03 ,7.50 ,0.26 
上海通用东岳汽车有限公司,SGM7160AT轿车,新乐骋,AT4,1598,11.35 ,5.89 ,7.70 ,0.24 
上海通用东岳汽车有限公司,SGM7160MT轿车,新乐骋,MT5,1598,9.90 ,5.65 ,7.20 ,0.21 
上海通用东岳汽车有限公司,SGM7164MTA轿车,乐风,MT5,1598,9.90 ,5.65 ,7.20 ,0.21 
上海通用东岳汽车有限公司,SGM7164MT轿车,乐风,MT5,1598,10.21 ,6.12 ,7.20 ,0.21 
上海通用东岳汽车有限公司,SGM7164ATA轿车,乐风,AT4,1598,11.35 ,5.89 ,7.70 ,0.25 
上海通用东岳汽车有限公司,SGM7164AT轿车,乐风,AT4,1598,11.64 ,5.90 ,7.70 ,0.24 
上海通用东岳汽车有限公司,SGM7202MT,景程,MT5,1998,12.68 ,7.11 ,8.82 ,0.29 
上海通用东岳汽车有限公司,SGM7203ATA,景程,AT4,1998,13.59 ,7.21 ,9.50 ,0.34 
上海通用东岳汽车有限公司,SGM7203MT,景程,MT5,1998,11.85 ,6.49 ,8.50 ,0.27 
上海通用东岳汽车有限公司,SGM7203MTA,景程,MT5,1998,12.54 ,6.60 ,8.50 ,0.27 
上海通用汽车有限公司,SGM7161AT,凯越,AT4,1598,11.64 ,5.9,8.70 ,0.31 
上海通用汽车有限公司,SGM7161ATA,凯越,MT5,1598,11.26 ,6.80 ,8.30 ,0.29 
上海通用汽车有限公司,SGM7161MT,凯越,AT4,1598,11.48 ,6.97,8.30 ,0.28 
上海通用汽车有限公司,SGM7161MTA,凯越,AT4,1598,10.39 ,6.7,8.00 ,0.27 
上海通用汽车有限公司,SGM7163AT,凯越HRV,MT5,1598,12.70 ,6.97,8.70 ,0.32 
上海通用汽车有限公司,SGM7163ATA,凯越HRV,MT5,1598,11.84 ,6.69,8.30 ,0.29 
上海通用汽车有限公司,SGM7163MT,凯越HRV,AT4,1598,10.21 ,6.12,8.30 ,0.29 
上海通用汽车有限公司,SGM7163MTA,凯越HRV,AT4,1598,10.93 ,6.28,8.00 ,0.27 
上海通用汽车有限公司,SGM7167AT,凯越旅行车,MT5,1598,11.50 ,6.72,8.40 ,0.31 
上海通用汽车有限公司,SGM7167ATA,凯越旅行车,MT5,1598,11.50 ,6.72,8.40 ,0.31 
上海通用汽车有限公司,SGM7167MT,凯越旅行车,AT4,1598,10.39 ,6.67,8.10 ,0.28 
上海通用汽车有限公司,SGM7167MTA,凯越旅行车,AT4,1598,10.39 ,6.67,8.10 ,0.28 
上海通用汽车有限公司,SGM7168ATA,新凯越,MT5,1598,12.47 ,6.19,8.30 ,0.29 
上海通用汽车有限公司,SGM7168MTA,新凯越,AT4,1598,10.50 ,6.65,8.00 ,0.27 
上海通用汽车有限公司,SGM7180AT,凯越,MT5,1799,12.65 ,6.85,9.10 ,0.32 
上海通用汽车有限公司,SGM7180ATA,凯越,MT5,1799,12.65 ,6.85,9.10 ,0.32 
上海通用汽车有限公司,SGM7180MT,凯越,AT4,1799,11.21 ,7.01,8.30 ,0.27 
上海通用汽车有限公司,SGM7180MTA,凯越,AT4,1799,11.21 ,7.01,8.30 ,0.27 
上海通用汽车有限公司,SGM7181AT,凯越旅行车,MT5,1799,12.61 ,7.51,9.10 ,0.33 
上海通用汽车有限公司,SGM7181ATA,凯越旅行车,MT5,1799,12.61 ,7.51,9.10 ,0.33 
上海通用汽车有限公司,SGM7181MT,凯越旅行车,AT4,1799,11.93 ,6.91,8.44 ,0.28 
上海通用汽车有限公司,SGM7181MTA,凯越旅行车,AT4,1799,11.93 ,6.91,8.44 ,0.28 
上海通用汽车有限公司,SGM7183ATA,新凯越,MT5,1799,12.65 ,6.85,9.10 ,0.33 
上海通用汽车有限公司,SGM7183MTA,新凯越,AT4,1799,11.21 ,7.01,8.30 ,0.26 
上海通用汽车有限公司,SGM7200MT,别克君威,AT4,1998,12.25 ,7.15 ,8.80 ,0.29 
上海通用汽车有限公司,SGM7205ATA,别克君威,AT6,1998,13.48 ,6.42 ,8.80 ,0.26 
上海通用汽车有限公司,SGM7240HAT混合动力轿车,君越混合动力,AT6,2384,10.80 ,6.12 ,8.30 ,0.25 
上海通用汽车有限公司,SGM7241ATA,别克君威,AT4,2384,12.60 ,6.89 ,9.00 ,0.23 
上海通用汽车有限公司,SGM7240AT,别克君越,AT4,2398,13.29 ,7.40 ,9.60 ,0.27 
上海通用汽车有限公司,SGM7240ATA,别克君越,MT5,2398,13.55 ,7.07,9.10 ,0.24 
上海通用汽车有限公司,SGM7250AT,别克君威,MT5,2490,15.57 ,7.53 ,10.40 ,0.34 
上海通用汽车有限公司,SGM7281AT,林荫大道,AMT5,2792,15.79 ,8.86 ,11.40 ,0.34 
上海通用汽车有限公司,SGM7281ATA,林荫大道,AMT5,2792,15.79 ,8.86 ,11.40 ,0.34 
上海通用汽车有限公司,SGM7282AT,SLS 赛威,AMT5,2792,16.37 ,8.82 ,11.60 ,0.34 
上海通用汽车有限公司,SGM7282ATA,SLS 赛威,AMT5,2792,16.37 ,8.82 ,11.60 ,0.34 
上海通用汽车有限公司,SGM7305AT,别克君越,AT6,2980,15.92,8.22,11.00 ,0.35 
上海通用汽车有限公司,SGM7364AT,SLS 赛威,AMT5,3564,17.32 ,9.27 ,12.20 ,0.31 
上海通用汽车有限公司,SGM7364ATA,SLS 赛威,AMT5,3564,17.32 ,9.27 ,12.20 ,0.31 
上海通用汽车有限公司,SGM7363AT,林荫大道,AMT5,3565,17.50 ,8.77 ,11.60 ,0.28 
上海通用汽车有限公司,SGM7363ATA,林荫大道,AMT5,3565,17.50 ,8.77 ,11.60 ,0.29 
上汽通用五菱汽车股份有限公司, LZW7100H3Q,SPARK乐驰,MT5,995,8.98 ,4.24 ,6.50 ,0.26 
上汽通用五菱汽车股份有限公司,LZW7120K3,SPARK乐驰,MT5,1206,7.07 ,5.06 ,5.80 ,0.15 
上汽通用五菱汽车股份有限公司,LZW7120K3Q,SPARK乐驰,MT5,1206,7.09 ,5.09 ,5.80 ,0.15 
上汽通用五菱汽车股份有限公司,LZW7120KF,SPARK乐驰,MT5,1206,7.11 ,4.87 ,5.70 ,0.15 
神龙汽车有限公司,DC7146A 206,206,MT5,1360,8.45 ,5.17 ,6.40 ,0.24 
神龙汽车有限公司,DC7146B 206,206,MT5,1360,8.45 ,5.17 ,6.40 ,0.24 
神龙汽车有限公司,DC7146BBA,207,MT5,1360,8.50 ,5.20 ,6.40 ,0.24 
神龙汽车有限公司,DC7146BT,207,MT5,1360,8.80 ,5.20 ,6.50 ,0.25 
神龙汽车有限公司,DC7146DB,206,MT5,1360,8.45 ,5.17 ,6.40 ,0.24 
神龙汽车有限公司,DC7146DBA,207,MT5,1360,8.50 ,5.20 ,6.40 ,0.24 
神龙汽车有限公司,DC7146DT,207,MT5,1360,8.80 ,5.20 ,6.50 ,0.25 
神龙汽车有限公司,DC7148A,C2,MT5,1360,8.45 ,5.17 ,6.40 ,0.23 
神龙汽车有限公司,DC7148B ,C2,MT5,1360,8.45 ,5.17 ,6.40 ,0.23 
神龙汽车有限公司,DC7148DB,C2,MT5,1360,8.45 ,5.17 ,6.40 ,0.23 
神龙汽车有限公司,DC7160AXC 16V,富康,MT5,1587,9.80 ,6.00 ,7.40 ,0.23 
神龙汽车有限公司,DC7160AXC 16V,富康,AT4,1587,11.00 ,6.60 ,8.20 ,0.29 
神龙汽车有限公司,DC7160BB,新爱丽舍,MT5,1587,10.30 ,6.10 ,7.60 ,0.24 
神龙汽车有限公司,DC7160BB,新爱丽舍,AT4,1587,11.00 ,6.60 ,8.20 ,0.29 
神龙汽车有限公司,DC7160DAXC 16V,富康,MT5,1587,9.80 ,6.00 ,7.40 ,0.23 
神龙汽车有限公司,DC7160DAXC 16V,富康,AT4,1587,11.00 ,6.60 ,8.20 ,0.29 
神龙汽车有限公司,DC7160DB,新爱丽舍,MT5,1587,10.30 ,6.10 ,7.60 ,0.24 
神龙汽车有限公司,DC7160DB,新爱丽舍,AT4,1587,11.00 ,6.60 ,8.20 ,0.29 
神龙汽车有限公司,DC7162D,毕加索,MT5,1587,10.30 ,6.15 ,7.80 ,0.27 
神龙汽车有限公司,DC7163 16V,爱丽舍,MT5,1587,10.40 ,6.30 ,7.80 ,0.26 
神龙汽车有限公司,DC7163 16V,爱丽舍,AT4,1587,11.00 ,6.60 ,8.20 ,0.29 
神龙汽车有限公司,DC7163AT,新爱丽舍,MT5,1587,10.40 ,6.30 ,7.80 ,0.25 
神龙汽车有限公司,DC7163AT,新爱丽舍,AT4,1587,11.00 ,6.60 ,8.20 ,0.29 
神龙汽车有限公司,DC7163D 16V,爱丽舍,MT5,1587,10.40 ,6.30 ,7.80 ,0.26 
神龙汽车有限公司,DC7163D 16V,爱丽舍,AT4,1587,11.00 ,6.60 ,8.20 ,0.29 
神龙汽车有限公司,DC7163DT,新爱丽舍,MT5,1587,10.40 ,6.30 ,7.80 ,0.25 
神龙汽车有限公司,DC7163DT,新爱丽舍,AT4,1587,11.00 ,6.60 ,8.20 ,0.29 
神龙汽车有限公司,DC7163NT,新爱丽舍,MT5,1587,10.40 ,6.30 ,7.80 ,0.27 
神龙汽车有限公司,DC7164AB,307,MT5,1587,10.30 ,6.40 ,7.80 ,0.26 
神龙汽车有限公司,DC7164AB,307,AT4,1587,11.80 ,6.60 ,8.50 ,0.32 
神龙汽车有限公司,DC7164CTA 307,307,MT5,1587,10.30 ,6.40 ,7.80 ,0.27 
神龙汽车有限公司,DC7164CTA 307,307,AT4,1587,11.80 ,6.60 ,8.50 ,0.33 
神龙汽车有限公司,DC7164DB,307,MT5,1587,10.30 ,6.40 ,7.80 ,0.26 
神龙汽车有限公司,DC7164DB,307,AT4,1587,11.80 ,6.60 ,8.50 ,0.32 
神龙汽车有限公司,DC7164DTA 307,307,MT5,1587,10.30 ,6.40 ,7.80 ,0.27 
神龙汽车有限公司,DC7164DTA 307,307,AT4,1587,11.80 ,6.60 ,8.50 ,0.33 
神龙汽车有限公司,DC7165AB,世嘉,MT5,1587,10.40 ,6.70 ,7.60 ,0.25 
神龙汽车有限公司,DC7165AB,世嘉,AT4,1587,11.60 ,6.40 ,8.30 ,0.32 
神龙汽车有限公司,DC7165DB,世嘉,MT5,1587,10.40 ,6.70 ,7.60 ,0.25 
神龙汽车有限公司,DC7165DB,世嘉,AT4,1587,11.60 ,6.40 ,8.30 ,0.32 
神龙汽车有限公司,DC7166A 206,206,MT5,1587,8.80 ,5.40 ,6.60 ,0.18 
神龙汽车有限公司,DC7166A 206,206,AT4 ,1587,9.90 ,5.50 ,7.10 ,0.21 
神龙汽车有限公司,DC7166B 206,206,MT5,1587,8.80 ,5.40 ,6.60 ,0.18 
神龙汽车有限公司,DC7166B 206,206,AT4 ,1587,9.90 ,5.50 ,7.10 ,0.21 
神龙汽车有限公司,DC7166BBA,207,MT5,1587,9.00 ,5.40 ,6.70 ,0.19 
神龙汽车有限公司,DC7166BBA,207,AT4,1587,10.60 ,5.90 ,7.60 ,0.25 
神龙汽车有限公司,DC7166BT,207,MT5,1587,9.10 ,5.50 ,6.80 ,0.20 
神龙汽车有限公司,DC7166BT,207,AT4,1587,10.70 ,6.00 ,7.70 ,0.26 
神龙汽车有限公司,DC7166DB,206,MT5,1587,8.80 ,5.40 ,6.60 ,0.18 
神龙汽车有限公司,DC7166DB,206,AT4 ,1587,9.90 ,5.50 ,7.10 ,0.21 
神龙汽车有限公司,DC7166DBA,207,MT5,1587,9.00 ,5.40 ,6.70 ,0.19 
神龙汽车有限公司,DC7166DBA,207,AT4,1587,10.60 ,5.90 ,7.60 ,0.25 
神龙汽车有限公司,DC7166DT,207,MT5,1587,9.10 ,5.50 ,6.80 ,0.20 
神龙汽车有限公司,DC7166DT,207,AT4,1587,10.70 ,6.00 ,7.70 ,0.26 
神龙汽车有限公司,DC7168A,C2,MT5,1587,8.80 ,5.40 ,6.60 ,0.18 
神龙汽车有限公司,DC7168A,C2,AT4 ,1587,9.90 ,5.50 ,7.10 ,0.21 
神龙汽车有限公司,DC7168B,C2,MT5,1587,8.80 ,5.40 ,6.60 ,0.18 
神龙汽车有限公司,DC7168B,C2,AT4 ,1587,9.90 ,5.50 ,7.10 ,0.21 
神龙汽车有限公司,DC7168DB,C2,MT5,1587,8.80 ,5.40 ,6.60 ,0.18 
神龙汽车有限公司,DC7168DB,C2,AT4 ,1587,9.90 ,5.50 ,7.10 ,0.21 
神龙汽车有限公司,DC7200D AT,毕加索,AT4,1997,12.90 ,6.65 ,8.90 ,0.30 
神龙汽车有限公司,DC7204AB,307,MT5,1997,11.30 ,6.60 ,8.40 ,0.22 
神龙汽车有限公司,DC7204AB,307,AT4,1997,12.30 ,6.40 ,8.60 ,0.24 
神龙汽车有限公司,DC7204CTA 307,307,MT5,1997,11.30 ,6.60 ,8.40 ,0.23 
神龙汽车有限公司,DC7204CTA 307,307,AT4,1997,12.30 ,6.40 ,8.60 ,0.25 
神龙汽车有限公司,DC7204DB,307,MT5,1997,11.30 ,6.60 ,8.40 ,0.22 
神龙汽车有限公司,DC7204DB,307,AT4,1997,12.30 ,6.40 ,8.60 ,0.24 
神龙汽车有限公司,DC7204DTA 307,307,MT5,1997,11.30 ,6.60 ,8.40 ,0.23 
神龙汽车有限公司,DC7204DTA 307,307,AT4,1997,12.30 ,6.40 ,8.60 ,0.25 
神龙汽车有限公司,DC7205,凯旋,MT5,1997,11.30 ,6.50 ,8.30 ,0.23 
神龙汽车有限公司,DC7205,凯旋,AT4,1997,11.90 ,6.60 ,8.60 ,0.25 
神龙汽车有限公司,DC7205AB,世嘉,MT5,1997,11.40 ,6.50 ,8.20 ,0.22 
神龙汽车有限公司,DC7205AB,世嘉,AT4,1997,11.90 ,6.30 ,8.50 ,0.24 
神龙汽车有限公司,DC7205D,凯旋,MT5,1997,11.30 ,6.50 ,8.30 ,0.23 
神龙汽车有限公司,DC7205D,凯旋,AT4,1997,11.90 ,6.60 ,8.60 ,0.25 
神龙汽车有限公司,DC7205DB,世嘉,MT5,1997,11.40 ,6.50 ,8.20 ,0.22 
神龙汽车有限公司,DC7205DB,世嘉,AT4,1997,11.90 ,6.30 ,8.50 ,0.24 
沈阳华晨金杯汽车有限公司,SY7130FSBAA,骏捷FRV1.3手动,MT5,1299,10.29 ,6.26 ,7.74 ,0.33 
沈阳华晨金杯汽车有限公司,SY7130KSAA,骏捷FRV1.3手动,MT5,1299,9.74 ,5.93 ,7.34 ,0.30 
沈阳华晨金杯汽车有限公司,SY7130KSBAA,骏捷FRV1.3手动,MT5,1299,9.42 ,6.13 ,7.35 ,0.30 
沈阳华晨金杯汽车有限公司,SY7150WSBAA,骏捷FRV1.5手动,MT5,1495,8.77 ,6.12 ,7.10 ,0.23 
沈阳华晨金杯汽车有限公司,SY7160ESBAA,骏捷FRV1.6手动,MT5,1584,10.23 ,6.29 ,7.75 ,0.28 
沈阳华晨金杯汽车有限公司,SY7160EZBAA,骏捷FRV1.6自动,AT4,1584,10.27 ,7.31 ,8.40 ,0.34 
沈阳华晨金杯汽车有限公司,SY7160RSAA,骏捷FRV1.6手动,MT5,1584,9.72 ,6.11 ,7.44 ,0.26 
沈阳华晨金杯汽车有限公司,SY7160RSBAA,骏捷FRV1.6手动,MT5,1584,9.51 ,6.28 ,7.47 ,0.26 
沈阳华晨金杯汽车有限公司,SY7162VS,骏捷1.6手动,MT5,1584,10.50 ,6.03 ,7.70 ,0.28 
沈阳华晨金杯汽车有限公司,SY7162VSB,骏捷1.6手动,MT5,1584,10.14 ,6.83 ,8.06 ,0.31 
沈阳华晨金杯汽车有限公司,SY7180CSBBA,酷宝1.8手动,MT6,1793,11.12 ,6.78 ,8.38 ,0.22 
沈阳华晨金杯汽车有限公司,SY7180CSBBC,骏捷Wagon1.8手动,MT6,1793,11.61 ,7.45 ,8.99 ,0.25 
沈阳华晨金杯汽车有限公司,SY7180CZBBA,酷宝1.8自动,AT4,1793,13.56 ,7.11 ,9.47 ,0.28 
沈阳华晨金杯汽车有限公司,SY7180CZBBC,骏捷Wagon1.8自动,AT4,1793,14.44 ,7.25 ,9.89 ,0.30 
沈阳华晨金杯汽车有限公司,SY7180USBA,酷宝1.8手动,MT6,1793,11.77 ,7.24 ,8.91 ,0.25 
沈阳华晨金杯汽车有限公司,SY7180USBBA,酷宝1.8手动,MT6,1793,11.66 ,6.50 ,8.40 ,0.22 
沈阳华晨金杯汽车有限公司,SY7180UZBA,酷宝1.8自动,AT4,1793,11.26 ,6.75 ,8.41 ,0.22 
沈阳华晨金杯汽车有限公司,SY7180UZBBA,酷宝1.8自动,AT4,1793,13.62 ,7.15 ,9.50 ,0.29 
沈阳华晨金杯汽车有限公司,SY7181CSBBB,尊驰1.8手动,MT6,1793,11.61 ,7.45 ,8.99 ,0.24 
沈阳华晨金杯汽车有限公司,SY7181CZBBB,尊驰1.8自动,AT4,1793,14.44 ,7.25 ,9.89 ,0.30 
沈阳华晨金杯汽车有限公司,SY7181US,尊驰1.8手动,MT6,1793,11.77 ,7.07 ,8.80 ,0.23 
沈阳华晨金杯汽车有限公司,SY7181USB,尊驰1.8手动,MT6,1793,11.45 ,7.09 ,8.70 ,0.23 
沈阳华晨金杯汽车有限公司,SY7181UZ,尊驰1.8自动,AT4,1793,14.00 ,7.60 ,9.90 ,0.30 
沈阳华晨金杯汽车有限公司,SY7181UZB,尊驰1.8自动,AT4,1793,13.15 ,6.78 ,9.12 ,0.26 
沈阳华晨金杯汽车有限公司,SY7182CSBBB,骏捷1.8手动,MT6,1793,11.61 ,7.45 ,8.99 ,0.24 
沈阳华晨金杯汽车有限公司,SY7182CZBBB,骏捷1.8自动,AT4,1793,14.44 ,7.25 ,9.89 ,0.29 
沈阳华晨金杯汽车有限公司,SY7182US,骏捷1.8手动,MT6,1793,12.19 ,6.60 ,8.70 ,0.22 
沈阳华晨金杯汽车有限公司,SY7182USB,骏捷1.8手动,MT6,1793,11.45 ,7.09 ,8.70 ,0.22 
沈阳华晨金杯汽车有限公司,SY7182UZ,骏捷1.8自动,AT4,1793,14.00 ,7.60 ,9.90 ,0.29 
沈阳华晨金杯汽车有限公司,SY7182UZB,骏捷1.8自动,AT4,1793,13.15 ,6.78 ,9.12 ,0.25 
沈阳华晨金杯汽车有限公司,SY7180DSBBA,酷宝1.8手动,MT5,1834,11.04 ,6.70 ,8.30 ,0.26 
沈阳华晨金杯汽车有限公司,SY7180DSBBC,骏捷Wagon1.8手动,MT5,1834,11.27 ,7.15 ,8.67 ,0.28 
沈阳华晨金杯汽车有限公司,SY7180HSBA,酷宝1.8手动,MT5,1834,11.18 ,6.97 ,8.53 ,0.27 
沈阳华晨金杯汽车有限公司,SY7180HSBBA,酷宝1.8手动,MT5,1834,11.37 ,6.82 ,8.50 ,0.27 
沈阳华晨金杯汽车有限公司,SY7181DSBBB,尊驰1.8手动,MT5,1834,10.74 ,6.87 ,8.30 ,0.25 
沈阳华晨金杯汽车有限公司,SY7181HS,尊驰1.8手动,MT5,1834,12.10 ,6.50 ,8.60 ,0.27 
沈阳华晨金杯汽车有限公司,SY7181HSB,尊驰1.8手动,MT5,1834,10.56 ,6.63 ,8.09 ,0.24 
沈阳华晨金杯汽车有限公司,SY7182DSBBB,骏捷1.8手动,MT5,1834,11.12 ,6.48 ,8.20 ,0.24 
沈阳华晨金杯汽车有限公司,SY7182DZBBB,骏捷1.8自动,AT4,1834,11.56 ,7.09 ,8.74 ,0.28 
沈阳华晨金杯汽车有限公司,SY7182HS,骏捷1.8手动,MT5,1834,11.90 ,6.40 ,8.50 ,0.26 
沈阳华晨金杯汽车有限公司,SY7182HSB,骏捷1.8手动,MT5,1834,11.21 ,6.82 ,8.44 ,0.26 
沈阳华晨金杯汽车有限公司,SY7200NZBBA,酷宝2.0自动,AT4,1997,13.80 ,6.53 ,9.20 ,0.30 
沈阳华晨金杯汽车有限公司,SY7201M,尊驰2.0手动,MT5,1997,13.77 ,6.07 ,8.92 ,0.29 
沈阳华晨金杯汽车有限公司,SY7201NZBBB,尊驰2.0自动,AT4,1997,12.32 ,7.83 ,9.46 ,0.31 
沈阳华晨金杯汽车有限公司,SY7202M,骏捷2.0手动,MT5,1997,13.77 ,6.07 ,8.92 ,0.29 
沈阳华晨金杯汽车有限公司,SY7242P,骏捷2.4手动,MT5,2350,13.05 ,7.20 ,9.30 ,0.30 
天津一汽丰田汽车有限公司,TV7131GL-i,威驰(VIOS),AT4,1299,8.86 ,5.55 ,6.90 ,0.22 
天津一汽丰田汽车有限公司,TV7131GL-iD ,威驰(VIOS),AT4,1299,8.75 ,5.54 ,6.90 ,0.22 
天津一汽丰田汽车有限公司,TV7131GL-iM,威驰(VIOS),MT5,1299,7.89 ,5.28 ,6.40 ,0.19 
天津一汽丰田汽车有限公司,TV7131GL-iMD,威驰(VIOS),MT5,1299,8.05 ,5.43 ,6.40 ,0.19 
天津一汽丰田汽车有限公司,TV7160DLX,花冠 EX(COROLLA EX),MT5,1598,8.72 ,5.45 ,6.80 ,0.16 
天津一汽丰田汽车有限公司,TV7160DLXD,花冠 EX(COROLLA EX),MT5,1598,8.78 ,5.43 ,6.80 ,0.16 
天津一汽丰田汽车有限公司,TV7160DLX-i,花冠 EX(COROLLA EX),MT5,1598,8.72 ,5.45 ,6.80 ,0.16 
天津一汽丰田汽车有限公司,TV7160DLX-iD,花冠 EX(COROLLA EX),MT5,1598,8.78 ,5.43 ,6.80 ,0.16 
天津一汽丰田汽车有限公司,TV7160G,花冠 EX(COROLLA EX),AT4,1598,9.28 ,5.52 ,7.00 ,0.17 
天津一汽丰田汽车有限公司,TV7160GD,花冠 EX(COROLLA EX),AT4,1598,9.16 ,5.78 ,7.00 ,0.17 
天津一汽丰田汽车有限公司,TV7160GM,花冠 EX(COROLLA EX),MT5,1598,8.72 ,5.45 ,6.80 ,0.16 
天津一汽丰田汽车有限公司,TV7160GMD,花冠 EX(COROLLA EX),MT5,1598,8.78 ,5.43 ,6.80 ,0.16 
天津一汽丰田汽车有限公司,TV7161GL,卡罗拉(COROLLA),AT4,1598,9.56 ,5.82 ,7.20 ,0.18 
天津一汽丰田汽车有限公司,TV7161GLD,卡罗拉(COROLLA),AT4,1598,9.27 ,5.83 ,7.20 ,0.18 
天津一汽丰田汽车有限公司,TV7161GLM,卡罗拉(COROLLA),MT5,1598,9.27 ,5.62 ,7.00 ,0.17 
天津一汽丰田汽车有限公司,TV7161GLMD,卡罗拉(COROLLA),MT5,1598,9.09 ,5.57 ,7.00 ,0.17 
天津一汽丰田汽车有限公司,TV7162GL-i,威驰(VIOS),AT4,1598,9.08 ,5.59 ,7.10 ,0.17 
天津一汽丰田汽车有限公司,TV7162GL-iD,威驰(VIOS),AT4,1598,9.35 ,5.71 ,7.10 ,0.17 
天津一汽丰田汽车有限公司,TV7162GL-iM,威驰(VIOS),MT5,1598,8.62 ,5.37 ,6.70 ,0.15 
天津一汽丰田汽车有限公司,TV7162GL-iMD,威驰(VIOS),MT5,1598,8.04 ,5.36 ,6.70 ,0.15 
天津一汽丰田汽车有限公司,TV7162GL-S,威驰(VIOS),AT4,1598,9.08 ,5.59 ,7.10 ,0.17 
天津一汽丰田汽车有限公司,TV7162GL-SD,威驰(VIOS),AT4,1598,9.35 ,5.71 ,7.10 ,0.17 
天津一汽丰田汽车有限公司,TV7162GLX-i,威驰(VIOS),AT4,1598,9.08 ,5.59 ,7.10 ,0.17 
天津一汽丰田汽车有限公司,TV7162GLX-iD,威驰(VIOS),AT4,1598,9.35 ,5.71 ,7.10 ,0.17 
天津一汽丰田汽车有限公司,TV7181GL-i,卡罗拉(COROLLA),AT4,1798,9.60 ,6.05 ,7.40 ,0.18 
天津一汽丰田汽车有限公司,TV7181GL-iD,卡罗拉(COROLLA),AT4,1798,10.15 ,5.82 ,7.40 ,0.18 
天津一汽丰田汽车有限公司,TV7181GL-iM,卡罗拉(COROLLA),MT6,1798,9.45 ,5.82 ,7.30 ,0.17 
天津一汽丰田汽车有限公司,TV7181GL-iMD,卡罗拉(COROLLA),MT6,1798,9.52 ,5.86 ,7.30 ,0.17 
天津一汽丰田汽车有限公司,TV7181GL-S,卡罗拉(COROLLA),AT4,1798,9.60 ,6.05 ,7.40 ,0.18 
天津一汽丰田汽车有限公司,TV7181GL-SD,卡罗拉(COROLLA),AT4,1798,10.15 ,5.82 ,7.40 ,0.18 
天津一汽丰田汽车有限公司,TV7181GL-SM,卡罗拉(COROLLA),MT6,1798,9.45 ,5.82 ,7.30 ,0.17 
天津一汽丰田汽车有限公司,TV7181GL-SMD,卡罗拉(COROLLA),MT6,1798,9.52 ,5.86 ,7.30 ,0.17 
天津一汽丰田汽车有限公司,TV7181GLX-i,卡罗拉(COROLLA),AT4,1798,9.60 ,6.05 ,7.50 ,0.19 
天津一汽丰田汽车有限公司,TV7181GLX-iA,卡罗拉(COROLLA),AT4,1798,9.60 ,6.05 ,7.50 ,0.19 
天津一汽丰田汽车有限公司,TV7181GLX-iAD,卡罗拉(COROLLA),AT4,1798,10.15 ,5.82 ,7.50 ,0.19 
天津一汽丰田汽车有限公司,TV7181GLX-iB,卡罗拉(COROLLA),AT4,1798,9.60 ,6.05 ,7.50 ,0.19 
天津一汽丰田汽车有限公司,TV7181GLX-iBD,卡罗拉(COROLLA),AT4,1798,10.15 ,5.82 ,7.50 ,0.19 
天津一汽丰田汽车有限公司,TV7181GLX-iD,卡罗拉(COROLLA),AT4,1798,10.15 ,5.82 ,7.50 ,0.19 
天津一汽丰田汽车有限公司,TV7181GLX-iM,卡罗拉(COROLLA),MT6,1798,9.45 ,5.82 ,7.30 ,0.18 
天津一汽丰田汽车有限公司,TV7181GLX-iMB,卡罗拉(COROLLA),MT6,1798,9.45 ,5.82 ,7.30 ,0.18 
天津一汽丰田汽车有限公司,TV7181GLX-iMBD,卡罗拉(COROLLA),MT6,1798,9.52 ,5.86 ,7.30 ,0.18 
天津一汽丰田汽车有限公司,TV7181GLX-iMD,卡罗拉(COROLLA),MT6,1798,9.52 ,5.86 ,7.30 ,0.18 
天津一汽丰田汽车有限公司,TV7181GLX-S,卡罗拉(COROLLA),AT4,1798,9.60 ,6.05 ,7.50 ,0.19 
天津一汽丰田汽车有限公司,TV7181GLX-SA,卡罗拉(COROLLA),AT4,1798,9.60 ,6.05 ,7.50 ,0.19 
天津一汽丰田汽车有限公司,TV7181GLX-SAD,卡罗拉(COROLLA),AT4,1798,10.15 ,5.82 ,7.50 ,0.19 
天津一汽丰田汽车有限公司,TV7181GLX-SD,卡罗拉(COROLLA),AT4,1798,10.15 ,5.82 ,7.50 ,0.19 
天津一汽丰田汽车有限公司,TV7181GLX-SM,卡罗拉(COROLLA),MT6,1798,9.45 ,5.82 ,7.30 ,0.18 
天津一汽丰田汽车有限公司,TV7181GLX-SMD,卡罗拉(COROLLA),MT6,1798,9.52 ,5.86 ,7.30 ,0.18 
天津一汽丰田汽车有限公司,TV7181PREMIUM,卡罗拉(COROLLA),AT4,1798,9.60 ,6.05 ,7.50 ,0.19 
天津一汽丰田汽车有限公司,TV7181PREMIUMAVN,卡罗拉(COROLLA),AT4,1798,9.60 ,6.05 ,7.50 ,0.19 
天津一汽丰田汽车有限公司,TV7181PREMIUMAVND,卡罗拉(COROLLA),AT4,1798,10.15 ,5.82 ,7.50 ,0.19 
天津一汽丰田汽车有限公司,TV7181PREMIUMD,卡罗拉(COROLLA),AT4,1798,10.15 ,5.82 ,7.50 ,0.19 
天津一汽丰田汽车有限公司,TV7250,皇冠(CROWN),AT6,2497,13.37 ,6.92 ,9.50 ,0.23 
天津一汽丰田汽车有限公司,TV7250D,皇冠(CROWN),AT6,2497,13.51 ,6.95 ,9.50 ,0.23 
天津一汽丰田汽车有限公司,TV7250Royal,皇冠(CROWN),AT6,2497,13.37 ,6.92 ,9.50 ,0.23 
天津一汽丰田汽车有限公司,TV7250RoyalA,皇冠(CROWN),AT6,2497,13.37 ,6.92 ,9.50 ,0.24 
天津一汽丰田汽车有限公司,TV7250RoyalAD,皇冠(CROWN),AT6,2497,13.51 ,6.95 ,9.50 ,0.24 
天津一汽丰田汽车有限公司,TV7250RoyalD,皇冠(CROWN),AT6,2497,13.51 ,6.95 ,9.50 ,0.23 
天津一汽丰田汽车有限公司,TV7250S4,锐志(REIZ),AT6,2497,13.37 ,6.83 ,9.50 ,0.22 
天津一汽丰田汽车有限公司,TV7250S4D,锐志(REIZ),AT6,2497,13.24 ,6.82 ,9.50 ,0.22 
天津一汽丰田汽车有限公司,TV7250S4SP,锐志(REIZ),AT6,2497,13.37 ,6.83 ,9.50 ,0.23 
天津一汽丰田汽车有限公司,TV7250S4SPD,锐志(REIZ),AT6,2497,13.24 ,6.82 ,9.50 ,0.23 
天津一汽丰田汽车有限公司,TV7250V4,锐志(REIZ),AT6,2497,13.37 ,6.83 ,9.50 ,0.22 
天津一汽丰田汽车有限公司,TV7250V4D,锐志(REIZ),AT6,2497,13.24 ,6.82 ,9.50 ,0.22 
天津一汽丰田汽车有限公司,TV7250V4NS,锐志(REIZ),AT6,2497,13.37 ,6.83 ,9.50 ,0.23 
天津一汽丰田汽车有限公司,TV7250V4NSD,锐志(REIZ),AT6,2497,13.24 ,6.82 ,9.50 ,0.23 
天津一汽丰田汽车有限公司,TV7250V4S,锐志(REIZ),AT6,2497,13.37 ,6.83 ,9.50 ,0.23 
天津一汽丰田汽车有限公司,TV7250V4SD,锐志(REIZ),AT6,2497,13.24 ,6.82 ,9.50 ,0.23 
天津一汽丰田汽车有限公司,TV7250V4SG,锐志(REIZ),AT6,2497,13.37 ,6.83 ,9.50 ,0.23 
天津一汽丰田汽车有限公司,TV7250V4SGD,锐志(REIZ),AT6,2497,13.24 ,6.82 ,9.50 ,0.23 
天津一汽丰田汽车有限公司,TV7300Royal3,皇冠(CROWN),AT6,2995,13.83 ,6.80 ,9.40 ,0.20 
天津一汽丰田汽车有限公司,TV7300Royal3D,皇冠(CROWN),AT6,2995,13.73 ,6.83 ,9.40 ,0.20 
天津一汽丰田汽车有限公司,TV7300RoyalSln3,皇冠(CROWN),AT6,2995,13.83 ,6.80 ,9.40 ,0.20 
天津一汽丰田汽车有限公司,TV7300RoyalSln3B,皇冠(CROWN),AT6,2995,13.83 ,6.80 ,9.40 ,0.20 
天津一汽丰田汽车有限公司,TV7300RoyalSln3BD,皇冠(CROWN),AT6,2995,13.73 ,6.83 ,9.40 ,0.20 
天津一汽丰田汽车有限公司,TV7300RoyalSln3D,皇冠(CROWN),AT6,2995,13.73 ,6.83 ,9.40 ,0.20 
天津一汽丰田汽车有限公司,TV7300RoyalSln3S,皇冠(CROWN),AT6,2995,13.83 ,6.80 ,9.40 ,0.20 
天津一汽丰田汽车有限公司,TV7300RoyalSln3SD,皇冠(CROWN),AT6,2995,13.73 ,6.83 ,9.40 ,0.20 
天津一汽丰田汽车有限公司,TV7300RoyalSlnG3,皇冠(CROWN),AT6,2995,13.83 ,6.80 ,9.40 ,0.20 
天津一汽丰田汽车有限公司,TV7300RoyalSlnG3D,皇冠(CROWN),AT6,2995,13.73 ,6.83 ,9.40 ,0.20 
天津一汽丰田汽车有限公司,TV7300V4NS,锐志(REIZ),AT6,2995,13.90 ,6.79 ,9.70 ,0.21 
天津一汽丰田汽车有限公司,TV7300V4NSD,锐志(REIZ),AT6,2995,13.43 ,6.99 ,9.70 ,0.21 
天津一汽夏利汽车股份有限公司,TJ7101A,夏利,MT5,993,8.04 ,5.04 ,6.50 ,0.27 
天津一汽夏利汽车股份有限公司,TJ7101AE3 ,夏利,MT5,993,7.78 ,5.23 ,6.50 ,0.27 
天津一汽夏利汽车股份有限公司,TJ7101AU,夏利,MT5,993,8.04 ,5.04 ,6.50 ,0.28 
天津一汽夏利汽车股份有限公司,TJ7101AUE3,夏利,MT5,993,7.78 ,5.23 ,6.50 ,0.28 
天津一汽夏利汽车股份有限公司,TJ7101BE3 ,夏利N3,MT5,993,7.78 ,5.23 ,6.50 ,0.27 
天津一汽夏利汽车股份有限公司,TJ7101BUE3,夏利N3,MT5,993,7.78 ,5.23 ,6.50 ,0.28 
天津一汽夏利汽车股份有限公司,TJ7102B,夏利N3,MT5,993,7.61 ,5.08 ,6.20 ,0.21 
天津一汽夏利汽车股份有限公司,TJ7102BE3,夏利N3,MT5,993,7.21 ,4.97 ,6.10 ,0.20 
天津一汽夏利汽车股份有限公司,TJ7102BE4,夏利N3,MT5,993,7.12 ,4.88 ,6.10 ,0.20 
天津一汽夏利汽车股份有限公司,TJ7102BU,夏利N3,MT5,993,7.61 ,5.08 ,6.20 ,0.22 
天津一汽夏利汽车股份有限公司,TJ7102BUE3,夏利N3,MT5,993,7.21 ,4.97 ,6.10 ,0.21 
天津一汽夏利汽车股份有限公司,TJ7102BUE4,夏利N3,MT5,993,7.12 ,4.88 ,6.10 ,0.21 
天津一汽夏利汽车股份有限公司,TJ7111B,夏利N3,MT5,1052,8.04 ,4.97 ,6.50 ,0.25 
天津一汽夏利汽车股份有限公司,TJ7111BU,夏利N3,MT5,1052,8.04 ,4.97 ,6.50 ,0.26 
天津一汽夏利汽车股份有限公司,CA7130E,威志,MT5,1342,9.08 ,5.52 ,7.00 ,0.21 
天津一汽夏利汽车股份有限公司,CA7130E3,威志,MT5,1342,9.05 ,5.53 ,7.00 ,0.21 
天津一汽夏利汽车股份有限公司,CA7130E4,威志,MT5,1342,8.61 ,5.65 ,7.00 ,0.21 
天津一汽夏利汽车股份有限公司,CA7136E30,威姿,MT5,1342,9.02 ,5.60 ,7.00 ,0.22 
天津一汽夏利汽车股份有限公司,CA7136ZE,威姿,AT4,1342,9.90 ,6.30 ,7.60 ,0.30 
天津一汽夏利汽车股份有限公司,CA7150E3,威志,MT5,1498,9.31 ,5.52 ,7.00 ,0.19 
天津一汽夏利汽车股份有限公司,CA7150U,威志,MT5,1498,9.14 ,5.90 ,7.30 ,0.22 
天津一汽夏利汽车股份有限公司,CA7150UE3 ,威志,MT5,1498,8.89 ,5.93 ,7.50 ,0.23 
天津一汽夏利汽车股份有限公司,CA7150UE3Z1,威志,AMT5,1498,8.89 ,5.93 ,7.50 ,0.23 
天津一汽夏利汽车股份有限公司,CA7150UE4,威志,MT5,1498,9.29 ,6.23 ,7.50 ,0.23 
天津一汽夏利汽车股份有限公司,CA7150UE4Z1,威志,AMT5,1498,9.29 ,6.23 ,7.50 ,0.23 
天津一汽夏利汽车股份有限公司,CA7150UZ1,威志,AMT5,1498,10.17 ,5.88 ,7.50 ,0.23 
天津一汽夏利汽车股份有限公司,CA7156UE,威乐,MT5,1498,9.50 ,5.95 ,7.30 ,0.22 
天津一汽夏利汽车股份有限公司,CA7156UE3,威乐,MT5,1498,9.50 ,6.20 ,7.50 ,0.23 
天津一汽夏利汽车股份有限公司,CA7156UE4,威乐,MT5,1498,9.29 ,6.23 ,7.50 ,0.23 
天津一汽夏利汽车股份有限公司,CA7156UZE,威乐,AT4,1498,10.10 ,6.40 ,7.80 ,0.30 
一汽-大众汽车有限公司,FV7160CiFG,捷达 JETTA,MT5,1595,10.16 ,5.84 ,7.50 ,0.25 
一汽-大众汽车有限公司,FV7160CiXG,捷达 JETTA,MT5,1595,10.16 ,5.84 ,7.40 ,0.25 
一汽-大众汽车有限公司,FV7162G,宝来 BORA,MT5,1595,10.96 ,6.14 ,7.90 ,0.28 
一汽-大众汽车有限公司,FV7162XATE,宝来 BORA,AT6,1595,10.36 ,6.57 ,8.00 ,0.29 
一汽-大众汽车有限公司,FV7162XATG,宝来 BORA,AT6,1595,10.36 ,6.57 ,8.00 ,0.29 
一汽-大众汽车有限公司,FV7162XE,宝来 BORA,MT5,1595,10.12 ,6.18 ,7.60 ,0.25 
一汽-大众汽车有限公司,FV7162XG,宝来 BORA,MT5,1595,10.12 ,6.18 ,7.60 ,0.25 
一汽-大众汽车有限公司,FV7164G,高尔夫Golf,MT5,1595,10.62 ,6.03 ,7.70 ,0.27 
一汽-大众汽车有限公司,FV7166ATG,速腾 SAGITAR,AT6,1595,10.69 ,6.02 ,7.70 ,0.28 
一汽-大众汽车有限公司,FV7166G,速腾 SAGITAR,MT5,1595,10.33 ,5.94 ,7.60 ,0.27 
一汽-大众汽车有限公司,FV7183TCVTG,奥迪 AUDI A4,CVT,1781,10.58 ,6.02 ,7.70 ,0.18 
一汽-大众汽车有限公司,FV7183TG,奥迪 AUDI A4,MT6,1781,10.23 ,5.81 ,7.50 ,0.17 
一汽-大众汽车有限公司,FV7186TATG,速腾 SAGITAR,AT6,1798,11.74 ,6.75 ,8.60 ,0.23 
一汽-大众汽车有限公司,FV7186TG,速腾 SAGITAR,MT5,1798,10.13 ,6.01 ,7.50 ,0.17 
一汽-大众汽车有限公司,FV7187TATG,迈腾  MAGOTAN,AT6,1798,11.68 ,6.51 ,8.50 ,0.23 
一汽-大众汽车有限公司,FV7187TDQG,迈腾  MAGOTAN,DQ6,1798,10.35 ,6.72 ,8.10 ,0.21 
一汽-大众汽车有限公司,FV7187TG,迈腾  MAGOTAN,MT5,1798,10.54 ,6.11 ,7.70 ,0.18 
一汽-大众汽车有限公司,FV7207TDQG,迈腾  MAGOTAN,DQ6,1798,10.69 ,6.82 ,8.30 ,0.17 
一汽-大众汽车有限公司,FV7201TCVTG,奥迪 AUDI A6,CVT,1984,11.49 ,6.73 ,8.50 ,0.22 
一汽-大众汽车有限公司,FV7201TFCVTG,奥迪 AUDI A6,CVT,1984,11.79 ,6.42 ,8.30 ,0.20 
一汽-大众汽车有限公司,FV7201TFG,奥迪 AUDI A6,MT6,1984,11.79 ,6.29 ,8.30 ,0.20 
一汽-大众汽车有限公司,FV7203TCVTG,奥迪 AUDI A4,CVT,1984,11.65 ,6.32 ,8.50 ,0.18 
一汽-大众汽车有限公司,FV7203TFCVTG,奥迪 AUDI A4,CVT,1984,10.98 ,6.01 ,7.80 ,0.17 
一汽-大众汽车有限公司,FV7206ATG,速腾 SAGITAR,AT6,1984,10.89 ,6.03 ,7.80 ,0.25 
一汽-大众汽车有限公司,FV7206G,速腾 SAGITAR,MT5,1984,10.26 ,6.07 ,7.70 ,0.24 
一汽-大众汽车有限公司,FV7207G,迈腾  MAGOTAN,MT5,1984,11.27 ,6.38 ,8.20 ,0.27 
一汽-大众汽车有限公司,FV7207TATG,迈腾  MAGOTAN,AT6,1984,11.57 ,6.74 ,8.60 ,0.19 
一汽-大众汽车有限公司,FV7202XATG,宝来 BORA,AT6,2000,11.24 ,7.03 ,8.60 ,0.28 
一汽-大众汽车有限公司,FV7202XG,宝来 BORA,MT5,2000,10.28 ,6.31 ,7.80 ,0.22 
一汽-大众汽车有限公司,FV7241CVTG,奥迪 AUDI A6,CVT,2393,12.23 ,6.71 ,8.80 ,0.22 
一汽-大众汽车有限公司,FV7241FCVTG,奥迪 AUDI A6,CVT,2393,12.11 ,6.91 ,8.80 ,0.22 
一汽-大众汽车有限公司,FV7281CVTG,奥迪 AUDI A6,CVT,2773,13.89 ,8.16 ,10.30 ,0.26 
一汽-大众汽车有限公司,FV7281FATG,奥迪 AUDI A6,AT6,2773,15.10 ,7.90 ,10.50 ,0.27 
一汽-大众汽车有限公司,FV7281FCVTG,奥迪 AUDI A6,CVT,2773,13.40 ,6.90 ,9.30 ,0.20 
一汽-大众汽车有限公司,FV7301TFATG,奥迪 AUDI A6,AT6,2995,15.80 ,8.10 ,10.90 ,0.22 
一汽-大众汽车有限公司,FV7321ATG,奥迪 AUDI A6,AT6,3123,14.53 ,8.79 ,11.00 ,0.25 
一汽-大众汽车有限公司,FV7321CVTG,奥迪 AUDI A6,CVT,3123,14.33 ,8.49 ,10.60 ,0.22 
一汽-大众汽车有限公司,FV7323FATG,奥迪 AUDI A4,AT6,3123,14.60 ,8.00 ,10.40 ,0.22 
一汽海马汽车有限公司,HMC7163A4S0,海福星,MT5,1584,10.47 ,6.26 ,8.00 ,0.28 
一汽海马汽车有限公司,HMC7163E3A,海福星,MT5,1584,9.99 ,6.03 ,7.30 ,0.23 
一汽海马汽车有限公司,HMC7162AE3,福美来,MT5,1598,9.50 ,6.08 ,7.28 ,0.25 
一汽海马汽车有限公司,HMC7162AE3,福美来,AT4,1598,10.71 ,6.28 ,7.95 ,0.31 
一汽海马汽车有限公司,HMC7162AE3A,福美来,MT5,1598,9.48 ,5.54 ,7.10 ,0.24 
一汽海马汽车有限公司,HMC7162AE3B,福美来,AT4,1598,10.78 ,6.09 ,7.90 ,0.31 
一汽海马汽车有限公司,HMC7185A3,海马3,MT5,1839,10.91 ,7.35 ,8.60 ,0.30 
一汽海马汽车有限公司,HMC7185A3H0,欢动,MT5,1839,10.10 ,6.99 ,8.20 ,0.28 
一汽海马汽车有限公司,HMC7185A4,海马3,MT5,1839,10.13 ,6.76 ,8.60 ,0.30 
一汽海马汽车有限公司,HMC7185A4H0,欢动,MT5,1839,10.11 ,7.03 ,8.20 ,0.28 
一汽海马汽车有限公司,HMC7185B3,海马3,CVT,1839,11.61 ,7.83 ,9.20 ,0.35 
一汽海马汽车有限公司,HMC7185B3H0,欢动,CVT,1839,10.63 ,7.51 ,8.80 ,0.32 
一汽海马汽车有限公司,HMC7185B4,海马3,CVT,1839,11.13 ,8.01 ,9.20 ,0.35 
一汽海马汽车有限公司,HMC7185B4H0,欢动,CVT,1839,10.59 ,7.32 ,8.80 ,0.32 
一汽吉林汽车有限公司,CA7130,森雅,MT5,1298,10.11 ,6.34 ,8.10 ,0.33 
一汽吉林汽车有限公司,CA7150,森雅,MT5,1495,10.40 ,6.52 ,8.10 ,0.28 
一汽吉林汽车有限公司,CA7150A,森雅,AT4,1495,10.57 ,7.04 ,8.60 ,0.30 
一汽吉林汽车有限公司,CA7151,森雅,MT5,1495,9.12 ,6.02 ,7.60 ,0.24 
一汽吉林汽车有限公司,CA7151A,森雅,AT4,1495,9.25 ,6.10 ,8.20 ,0.29 
浙江豪情汽车制造有限公司,HQ7131,吉利熊猫,MT5,1342,8.65 ,5.85 ,6.88 ,0.23 
浙江豪情汽车制造有限公司,JL7152AU,吉利金刚,MT5,1498,9.61 ,6.18 ,7.45 ,0.24 
浙江豪情汽车制造有限公司,JL7152B1D,吉利金鹰,MT5,1498,9.67 ,5.91 ,7.29 ,0.23 
浙江豪情汽车制造有限公司,JL7152B1U,吉利金鹰,MT5,1498,9.61 ,6.18 ,7.45 ,0.23 
浙江豪情汽车制造有限公司,JL7152D,吉利金刚,MT5,1498,9.67 ,5.91 ,7.29 ,0.23 
浙江豪情汽车制造有限公司,JL7152U,吉利金刚,MT5,1498,9.61 ,6.18 ,7.45 ,0.24 
浙江豪情汽车制造有限公司,JL7152U1,吉利金刚,MT5,1498,9.65 ,6.22 ,7.49 ,0.24 
浙江豪情汽车制造有限公司,JL7153D,吉利远景,MT5,1498,8.76 ,4.46 ,6.05 ,0.14 
浙江豪情汽车制造有限公司,JL7185XU1,吉利美人豹,MT5,1762,9.74 ,6.06 ,7.42 ,0.20 
浙江豪情汽车制造有限公司,JL7180,吉利远景,MT5,1792,10.24 ,5.94 ,7.53 ,0.17 
浙江豪情汽车制造有限公司,JL7180D,吉利远景,MT5,1792,10.60 ,6.33 ,7.90 ,0.19 
浙江豪情汽车制造有限公司,JL7180U1,吉利远景,MT5,1792,10.72 ,6.06 ,7.77 ,0.18 
浙江吉利汽车有限公司,MR7131AU,自由舰,MT5,1342,9.92 ,6.06 ,7.47 ,0.25 
浙江吉利汽车有限公司,MR7131AU1,自由舰,MT5,1342,9.80 ,6.01 ,7.42 ,0.25 
浙江吉利汽车有限公司,MR7131D,自由舰,MT5,1342,9.85 ,6.06 ,7.45 ,0.26 
浙江吉利汽车有限公司,MR7151AU,自由舰,MT5,1498,9.98 ,6.04 ,7.49 ,0.25 
浙江吉利汽车有限公司,MR7151AU1,自由舰,MT5,1498,9.84 ,6.11 ,7.49 ,0.25 
浙江吉利汽车有限公司,MR7180,吉利远景,MT5,1792,10.38 ,5.88 ,7.55 ,0.19 
浙江吉利汽车有限公司,MR7180D,吉利远景,MT5,1792,10.26 ,5.96 ,7.54 ,0.19 
浙江吉利汽车有限公司,MR7180U1,吉利远景,MT5,1792,9.90 ,5.91 ,7.40 ,0.19 
中国第一汽车集团公司,CA7201AT ,马六,AMT5,1999,11.63 ,5.87 ,8.00 ,0.21 
中国第一汽车集团公司,CA7201AT3 ,马六,AMT5,1999,11.63 ,5.87 ,8.00 ,0.21 
中国第一汽车集团公司,CA7201AT4 ,马六,AMT5,1999,11.51 ,5.96 ,7.97 ,0.20 
中国第一汽车集团公司,CA7201MT ,马六,MT6,1999,11.51 ,5.78 ,7.80 ,0.19 
中国第一汽车集团公司,CA7201MT3 ,马六,MT6,1999,11.51 ,5.78 ,7.80 ,0.19 
中国第一汽车集团公司,CA7201MT4 ,马六,MT6,1999,11.14 ,5.91 ,7.80 ,0.19 
中国第一汽车集团公司,CA7202AT ,马六,AMT5,1999,11.63 ,5.87 ,7.97 ,0.21 
中国第一汽车集团公司,CA7202AT3 ,马六,AMT5,1999,11.63 ,5.87 ,7.97 ,0.21 
中国第一汽车集团公司,CA7202AT4 ,马六,AMT5,1999,11.51 ,5.96 ,7.97 ,0.21 
中国第一汽车集团公司,CA7204MT ,奔腾,MT6,1999,11.11 ,6.16 ,7.98 ,0.21 
中国第一汽车集团公司,CA7204MT2 ,奔腾,MT6,1999,11.11 ,6.16 ,7.98 ,0.21 
中国第一汽车集团公司,CA7204MT4 ,奔腾,MT6,1999,11.16 ,5.97 ,7.85 ,0.20 
中国第一汽车集团公司,CA7204AT ,奔腾,AMT5,1999,12.52 ,5.98 ,8.39 ,0.23 
中国第一汽车集团公司,CA7204AT2 ,奔腾,AMT5,1999,12.52 ,5.98 ,8.39 ,0.23 
中国第一汽车集团公司,CA7204AT4 ,奔腾,AMT5,1999,11.38 ,6.12 ,8.05 ,0.21 
中国第一汽车集团公司,CA7231AT ,马六,AMT5,2261,11.62 ,6.13 ,8.15 ,0.19 
中国第一汽车集团公司,CA7231AT3 ,马六,AMT5,2261,11.62 ,6.13 ,8.15 ,0.19 
中国第一汽车集团公司,CA7231AT4 ,马六,AMT5,2261,11.49 ,6.02 ,8.00 ,0.19 
中国第一汽车集团公司,CA7232AT ,马六,AMT5,2261,11.62 ,6.13 ,8.15 ,0.19 
中国第一汽车集团公司,CA7232AT3 ,马六,AMT5,2261,11.62 ,6.13 ,8.15 ,0.19 
中国第一汽车集团公司,CA7232AT4 ,马六,AMT5,2261,11.49 ,6.02 ,8.00 ,0.19 
中国第一汽车集团公司,CA7234AT ,奔腾,AMT5,2261,12.01 ,6.11 ,8.27 ,0.20 
中国第一汽车集团公司,CA7234AT2 ,奔腾,AMT5,2261,12.01 ,6.11 ,8.27 ,0.20 
中国第一汽车集团公司,CA7234AT4 ,奔腾,AMT5,2261,11.42 ,6.17 ,8.10 ,0.20 
中国第一汽车集团公司,CA7300N3 ,红旗HQ3,AT6,2995,14.03 ,7.36 ,9.81 ,0.22 
中国第一汽车集团公司,CA7300N4 ,红旗HQ3,AT6,2995,13.74 ,6.71 ,9.81 ,0.22 
中国第一汽车集团公司,CA7430N3 ,红旗HQ3,AT6,4293,15.32 ,8.34 ,10.90 ,0.23 
中国第一汽车集团公司,CA7430N4 ,红旗HQ3,AT6,4293,15.30 ,8.31 ,10.90 ,0.23 
重庆长安铃木汽车有限公司,SC7130D,羚羊,MT5,1301,8.35 ,5.60 ,6.62 ,0.19 
重庆长安铃木汽车有限公司,SC7132D,雨燕,MT5,1301,8.55 ,5.67 ,6.73 ,0.22 
重庆长安铃木汽车有限公司,SC7132E,雨燕,AT4,1301,9.35 ,5.45 ,7.10 ,0.25 
重庆长安铃木汽车有限公司,SC7132F,雨燕,MT5,1301,8.49 ,5.57 ,6.73 ,0.22 
重庆长安铃木汽车有限公司,SC7132G,雨燕,AT4,1301,9.12 ,5.61 ,7.10 ,0.25 
重庆长安铃木汽车有限公司,SC7135A,羚羊,MT5,1301,8.35 ,5.60 ,6.62 ,0.19 
重庆长安铃木汽车有限公司,SC7150,雨燕,MT5,1490,8.69 ,5.48 ,6.70 ,0.18 
重庆长安铃木汽车有限公司,SC7150A,雨燕,AT4,1490,8.49 ,5.96 ,7.00 ,0.20 
重庆长安铃木汽车有限公司,SC7161A4,天语,MT5,1586,8.79 ,6.25 ,7.20 ,0.21 
重庆长安铃木汽车有限公司,SC7161C4,天语,AT4,1586,9.64 ,6.74 ,7.80 ,0.25 
重庆长安铃木汽车有限公司,SC7162A4,天语,MT5,1586,8.79 ,6.22 ,7.20 ,0.21 
重庆长安铃木汽车有限公司,SC7162C4,天语,AT4,1586,9.64 ,6.72 ,7.80 ,0.25 
重庆长安铃木汽车有限公司,SC7181,天语,MT5,1796,9.42 ,6.10 ,7.40 ,0.19 
重庆长安铃木汽车有限公司,SC7181A,天语,AT4,1796,10.23 ,6.83 ,8.10 ,0.23 
重庆长安铃木汽车有限公司,SC7182,天语,MT5,1796,9.42 ,6.10 ,7.40 ,0.19 
重庆长安铃木汽车有限公司,SC7182A,天语,AT4,1796,10.23 ,6.83 ,8.10 ,0.23 
重庆长安汽车股份有限公司,SC7133A4（国Ⅳ）,奔奔1.3手动,MT5,1301,8.96 ,5.71 ,6.90 ,0.25 
重庆长安汽车股份有限公司,SC7133B（国Ⅲ）,奔奔自动,AT4,1301,9.79 ,6.12 ,7.48 ,0.30 
重庆长安汽车股份有限公司,SC7133B4（国Ⅳ）,奔奔自动,AT4,1301,9.82 ,6.15 ,7.48 ,0.30 
重庆长安汽车股份有限公司,SC7133C（国Ⅲ）,奔奔运动版,MT5,1301,8.36 ,5.42 ,6.90 ,0.25 
重庆长安汽车股份有限公司,SC7133C4（国Ⅳ）,奔奔运动版,MT5,1301,8.96 ,5.71 ,7.10 ,0.26 
重庆长安汽车股份有限公司,SC7133D（国Ⅲ）,奔奔1.3手动,MT5,1301,8.99 ,5.67 ,6.80 ,0.24 
重庆长安汽车股份有限公司,SC7200（国Ⅲ）,志翔2.0手动,MT5,1998,10.85 ,6.54 ,8.13 ,0.22 
重庆长安汽车股份有限公司,SC7200A（国Ⅳ）,志翔2.0手动,MT5,1998,10.67 ,6.64 ,8.13 ,0.22 
重庆长安汽车股份有限公司,SC7200B（国Ⅲ）,志翔2.0自动,AT4,1998,12.30 ,6.84 ,8.86 ,0.26 
重庆长安汽车股份有限公司,SC7200C（国Ⅳ）,志翔2.0自动,AT4,1998,12.76 ,6.58 ,8.86 ,0.26 
重庆力帆乘用车有限公司,LF7130A,力帆520,MT5,1342,9.23 ,6.40 ,7.50 ,0.27 
重庆力帆乘用车有限公司,LF7131A,力帆520i,MT5,1342,9.75 ,6.08 ,7.30 ,0.26 
重庆力帆乘用车有限公司,LF7132,力帆320,MT5,1342,8.04 ,5.34 ,6.80 ,0.20 
重庆力帆乘用车有限公司,LF7160L1,力帆520,MT5,1587,9.95 ,6.34 ,7.60 ,0.25 
重庆力帆乘用车有限公司,LF7161A,力帆520i,MT5,1587,10.53 ,6.11 ,7.50 ,0.23 
重庆力帆乘用车有限公司,LF7162C,力帆620,MT5,1587,10.29 ,6.09 ,7.80 ,0.24 
重庆力帆乘用车有限公司,LF7162,力帆620,MT5,1596,9.96 ,6.04 ,7.50 ,0.20 
